time,delta_f,a_x
0.000000000000000000e+00,1.735699325799942017e-01,1.700606346130371094e+00
4.000000000000000083e-02,1.735847145318984985e-01,1.722840428352355957e+00
8.000000000000000167e-02,1.735743731260299683e-01,1.777847290039062500e+00
1.199999999999999956e-01,1.735601574182510376e-01,1.856295347213745117e+00
1.600000000000000033e-01,1.735428869724273682e-01,1.943521738052368164e+00
2.000000000000000111e-01,1.735217571258544922e-01,2.035500288009643555e+00
2.399999999999999911e-01,1.734959632158279419e-01,2.126718759536743164e+00
2.800000000000000266e-01,1.734656542539596558e-01,2.206377267837524414e+00
3.200000000000000067e-01,1.734302490949630737e-01,2.284743785858154297e+00
3.599999999999999867e-01,1.733864247798919678e-01,2.396504878997802734e+00
4.000000000000000222e-01,1.733292192220687866e-01,2.544372320175170898e+00
4.400000000000000022e-01,1.732519567012786865e-01,2.696340799331665039e+00
4.799999999999999822e-01,1.731445640325546265e-01,2.822043180465698242e+00
5.200000000000000178e-01,1.729916930198669434e-01,2.908745765686035156e+00
5.600000000000000533e-01,1.727707237005233765e-01,2.958950519561767578e+00
5.999999999999999778e-01,1.724546700716018677e-01,2.983210086822509766e+00
6.400000000000000133e-01,1.720222085714340210e-01,2.993202686309814453e+00
6.800000000000000488e-01,1.714592128992080688e-01,2.997005462646484375e+00
7.199999999999999734e-01,1.707228124141693115e-01,2.998502731323242188e+00
7.600000000000000089e-01,1.696652621030807495e-01,2.999160766601562500e+00
8.000000000000000444e-01,1.679211556911468506e-01,2.999469280242919922e+00
8.399999999999999689e-01,1.647829562425613403e-01,2.999568700790405273e+00
8.800000000000000044e-01,1.592809408903121948e-01,2.999456882476806641e+00
9.200000000000000400e-01,1.506054848432540894e-01,2.999011993408203125e+00
9.599999999999999645e-01,1.389923691749572754e-01,2.998161077499389648e+00
1.000000000000000000e+00,1.262714564800262451e-01,2.997226238250732422e+00
1.040000000000000036e+00,1.125547885894775391e-01,2.996065616607666016e+00
1.080000000000000071e+00,9.465138614177703857e-02,2.994019985198974609e+00
1.120000000000000107e+00,6.801647692918777466e-02,2.991468906402587891e+00
1.159999999999999920e+00,2.153211459517478943e-02,2.988412618637084961e+00
1.199999999999999956e+00,-3.444452211260795593e-02,2.984665870666503906e+00
1.239999999999999991e+00,-7.100433856248855591e-02,2.971563339233398438e+00
1.280000000000000027e+00,-9.253942221403121948e-02,2.919903755187988281e+00
1.320000000000000062e+00,-1.064042448997497559e-01,2.759028673171997070e+00
1.360000000000000098e+00,-1.190185695886611938e-01,2.369273185729980469e+00
1.400000000000000133e+00,-1.362555921077728271e-01,1.318839669227600098e+00
1.439999999999999947e+00,-1.544454097747802734e-01,1.646629124879837036e-01
1.479999999999999982e+00,-1.643153131008148193e-01,-7.263387441635131836e-01
1.520000000000000018e+00,-1.674748212099075317e-01,-1.455206990242004395e+00
1.560000000000000053e+00,-1.691653132438659668e-01,-1.715545654296875000e+00
1.600000000000000089e+00,-1.709206998348236084e-01,-1.433089017868041992e+00
1.640000000000000124e+00,-1.719863563776016235e-01,8.919901847839355469e-01
1.679999999999999938e+00,-1.723690927028656006e-01,2.213140249252319336e+00
1.719999999999999973e+00,-1.719670891761779785e-01,2.287060976028442383e+00
1.760000000000000009e+00,-1.707374304533004761e-01,1.381986260414123535e+00
1.800000000000000044e+00,-1.678023040294647217e-01,-1.366872429847717285e+00
1.840000000000000080e+00,-1.625777482986450195e-01,-2.248117923736572266e+00
1.880000000000000115e+00,-1.571097970008850098e-01,-2.534182548522949219e+00
1.919999999999999929e+00,-1.495778262615203857e-01,-2.793438911437988281e+00
1.959999999999999964e+00,-1.315092891454696655e-01,-2.937060832977294922e+00
2.000000000000000000e+00,-8.502804487943649292e-02,-2.988965511322021484e+00
2.040000000000000036e+00,-1.132683083415031433e-02,-2.989576101303100586e+00
2.080000000000000071e+00,5.872217938303947449e-02,-2.990818023681640625e+00
2.120000000000000107e+00,1.018640846014022827e-01,-2.988990306854248047e+00
2.160000000000000142e+00,1.184568628668785095e-01,-2.980355501174926758e+00
2.200000000000000178e+00,1.234457716345787048e-01,-2.965506315231323242e+00
2.240000000000000213e+00,1.191980093717575073e-01,-2.962160825729370117e+00
2.280000000000000249e+00,1.163412481546401978e-01,-2.961524009704589844e+00
2.319999999999999840e+00,1.170190796256065369e-01,-2.964875936508178711e+00
2.359999999999999876e+00,1.195720210671424866e-01,-2.966437578201293945e+00
2.399999999999999911e+00,1.195990219712257385e-01,-2.982205629348754883e+00
2.439999999999999947e+00,1.169562935829162598e-01,-2.987699985504150391e+00
2.479999999999999982e+00,1.130326390266418457e-01,-2.986000299453735352e+00
2.520000000000000018e+00,1.082136332988739014e-01,-2.987114906311035156e+00
2.560000000000000053e+00,1.036474704742431641e-01,-2.990135669708251953e+00
2.600000000000000089e+00,9.996420145034790039e-02,-2.992952346801757812e+00
2.640000000000000124e+00,9.717769175767898560e-02,-2.994853973388671875e+00
2.680000000000000160e+00,9.501404315233230591e-02,-2.996044397354125977e+00
2.720000000000000195e+00,9.324547648429870605e-02,-2.996804952621459961e+00
2.760000000000000231e+00,9.172901511192321777e-02,-2.997310638427734375e+00
2.800000000000000266e+00,9.037193655967712402e-02,-2.997658014297485352e+00
2.839999999999999858e+00,8.911081403493881226e-02,-2.997901201248168945e+00
2.879999999999999893e+00,8.790445327758789062e-02,-2.998072147369384766e+00
2.919999999999999929e+00,8.672550320625305176e-02,-2.998189449310302734e+00
2.959999999999999964e+00,8.555720746517181396e-02,-2.998265981674194336e+00
3.000000000000000000e+00,8.438900113105773926e-02,-2.998309612274169922e+00
3.040000000000000036e+00,8.321335911750793457e-02,-2.998325109481811523e+00
3.080000000000000071e+00,8.202600479125976562e-02,-2.998315811157226562e+00
3.120000000000000107e+00,8.082167059183120728e-02,-2.998283624649047852e+00
3.160000000000000142e+00,7.959640771150588989e-02,-2.998229503631591797e+00
3.200000000000000178e+00,7.834465801715850830e-02,-2.998153686523437500e+00
3.240000000000000213e+00,7.706052809953689575e-02,-2.998055458068847656e+00
3.280000000000000249e+00,7.573748379945755005e-02,-2.997933864593505859e+00
3.320000000000000284e+00,7.436817884445190430e-02,-2.997786998748779297e+00
3.359999999999999876e+00,7.294575124979019165e-02,-2.997611761093139648e+00
3.399999999999999911e+00,7.146344333887100220e-02,-2.997404098510742188e+00
3.439999999999999947e+00,6.991500407457351685e-02,-2.997158527374267578e+00
3.479999999999999982e+00,6.829556077718734741e-02,-2.996867656707763672e+00
3.520000000000000018e+00,6.660288572311401367e-02,-2.996520519256591797e+00
3.560000000000000053e+00,6.483845412731170654e-02,-2.996101140975952148e+00
3.600000000000000089e+00,6.300697475671768188e-02,-2.995587825775146484e+00
3.640000000000000124e+00,6.112051382660865784e-02,-2.994947433471679688e+00
3.680000000000000160e+00,5.919909477233886719e-02,-2.994131326675415039e+00
3.720000000000000195e+00,5.727338045835494995e-02,-2.993064641952514648e+00
3.760000000000000231e+00,5.538587272167205811e-02,-2.991629838943481445e+00
3.800000000000000266e+00,5.359077453613281250e-02,-2.989636659622192383e+00
3.839999999999999858e+00,5.195228382945060730e-02,-2.986763000488281250e+00
3.879999999999999893e+00,5.054019019007682800e-02,-2.982443332672119141e+00
3.919999999999999929e+00,4.942164197564125061e-02,-2.975630521774291992e+00
3.959999999999999964e+00,4.864940792322158813e-02,-2.964282274246215820e+00
4.000000000000000000e+00,4.825323075056076050e-02,-2.944181203842163086e+00
4.040000000000000036e+00,4.822193086147308350e-02,-2.906092882156372070e+00
4.080000000000000071e+00,4.849611967802047729e-02,-2.828770875930786133e+00
4.120000000000000107e+00,4.896085709333419800e-02,-2.662394046783447266e+00
4.160000000000000142e+00,4.944261536002159119e-02,-2.298218965530395508e+00
4.200000000000000178e+00,4.971265420317649841e-02,-1.566547393798828125e+00
4.240000000000000213e+00,4.954642429947853088e-02,-4.353907108306884766e-01
4.280000000000000249e+00,4.877803474664688110e-02,7.334007620811462402e-01
4.320000000000000284e+00,4.723472520709037781e-02,1.593742370605468750e+00
4.360000000000000320e+00,4.475416988134384155e-02,2.145698547363281250e+00
4.400000000000000355e+00,4.148416966199874878e-02,2.488322973251342773e+00
4.440000000000000391e+00,3.792110458016395569e-02,2.690474748611450195e+00
4.480000000000000426e+00,3.463818132877349854e-02,2.801852226257324219e+00
4.520000000000000462e+00,3.210183233022689819e-02,2.858847856521606445e+00
4.560000000000000497e+00,3.055832907557487488e-02,2.885037899017333984e+00
4.600000000000000533e+00,3.002251125872135162e-02,2.895575523376464844e+00
4.639999999999999680e+00,3.023849427700042725e-02,2.899703502655029297e+00
4.679999999999999716e+00,3.078310191631317139e-02,2.900280952453613281e+00
4.719999999999999751e+00,3.130945935845375061e-02,2.894696235656738281e+00
4.759999999999999787e+00,3.180266544222831726e-02,2.874588012695312500e+00
4.799999999999999822e+00,3.244259208440780640e-02,2.820630788803100586e+00
4.839999999999999858e+00,3.330879285931587219e-02,2.698031425476074219e+00
4.879999999999999893e+00,3.441645577549934387e-02,2.509958744049072266e+00
4.919999999999999929e+00,3.624160960316658020e-02,2.432068824768066406e+00
4.959999999999999964e+00,3.850174695253372192e-02,2.480633735656738281e+00
5.000000000000000000e+00,4.010145366191864014e-02,2.415606975555419922e+00
5.040000000000000036e+00,4.166285693645477295e-02,2.249583244323730469e+00
5.080000000000000071e+00,4.355609789490699768e-02,2.047031164169311523e+00
5.120000000000000107e+00,4.561331495642662048e-02,1.841483116149902344e+00
5.160000000000000142e+00,4.762156307697296143e-02,1.645216226577758789e+00
5.200000000000000178e+00,4.942723363637924194e-02,1.459371447563171387e+00
5.240000000000000213e+00,5.096035450696945190e-02,1.281001091003417969e+00
5.280000000000000249e+00,5.219127237796783447e-02,1.107748746871948242e+00
5.320000000000000284e+00,5.313061922788619995e-02,9.389572143554687500e-01
5.360000000000000320e+00,5.380443111062049866e-02,7.759848833084106445e-01
5.400000000000000355e+00,5.425149202346801758e-02,6.213169097900390625e-01
5.440000000000000391e+00,5.451332032680511475e-02,4.778280258178710938e-01
5.480000000000000426e+00,5.463013797998428345e-02,3.481407463550567627e-01
5.520000000000000462e+00,5.464226379990577698e-02,2.339734733104705811e-01
5.560000000000000497e+00,5.458420142531394958e-02,1.361976116895675659e-01
5.600000000000000533e+00,5.447968095541000366e-02,5.489836633205413818e-02
5.639999999999999680e+00,5.435537174344062805e-02,-1.088879350572824478e-02
5.679999999999999716e+00,5.422635748982429504e-02,-6.227173656225204468e-02
5.719999999999999751e+00,5.410113185644149780e-02,-1.008264496922492981e-01
5.759999999999999787e+00,5.399081856012344360e-02,-1.283718049526214600e-01
5.799999999999999822e+00,5.389415100216865540e-02,-1.464909464120864868e-01
5.839999999999999858e+00,5.381415039300918579e-02,-1.570349931716918945e-01
5.879999999999999893e+00,5.375301465392112732e-02,-1.615284085273742676e-01
5.919999999999999929e+00,5.370605736970901489e-02,-1.612192392349243164e-01
5.959999999999999964e+00,5.367457866668701172e-02,-1.574931144714355469e-01
6.000000000000000000e+00,5.365314334630966187e-02,-1.511479318141937256e-01
6.040000000000000036e+00,5.364301800727844238e-02,-1.431936323642730713e-01
6.080000000000000071e+00,5.364175140857696533e-02,-1.341949701309204102e-01
6.120000000000000107e+00,5.364354327321052551e-02,-1.246474832296371460e-01
6.160000000000000142e+00,5.365195870399475098e-02,-1.151112243533134460e-01
6.200000000000000178e+00,5.365862697362899780e-02,-1.056415587663650513e-01
6.240000000000000213e+00,5.366954579949378967e-02,-9.674122929573059082e-02
6.280000000000000249e+00,5.367930233478546143e-02,-8.827404677867889404e-02
6.320000000000000284e+00,5.369002744555473328e-02,-8.051878213882446289e-02
6.360000000000000320e+00,5.369708314538002014e-02,-7.336431741714477539e-02
6.400000000000000355e+00,5.370686203241348267e-02,-6.702382862567901611e-02
6.440000000000000391e+00,5.371419340372085571e-02,-6.128527969121932983e-02
6.480000000000000426e+00,5.372035130858421326e-02,-5.622446537017822266e-02
6.520000000000000462e+00,5.372310429811477661e-02,-5.174572765827178955e-02
6.560000000000000497e+00,5.372315645217895508e-02,-4.781952500343322754e-02
6.600000000000000533e+00,5.372484773397445679e-02,-4.452512413263320923e-02
6.640000000000000568e+00,5.372258275747299194e-02,-4.156010225415229797e-02
6.679999999999999716e+00,5.372292920947074890e-02,-3.914065286517143250e-02
6.719999999999999751e+00,5.371821671724319458e-02,-3.698682785034179688e-02
6.759999999999999787e+00,5.371578782796859741e-02,-3.527475148439407349e-02
6.799999999999999822e+00,5.371292680501937866e-02,-3.378990292549133301e-02
6.839999999999999858e+00,5.370987579226493835e-02,-3.259664401412010193e-02
6.879999999999999893e+00,5.370354652404785156e-02,-3.155159577727317810e-02
6.919999999999999929e+00,5.369984358549118042e-02,-3.081317245960235596e-02
6.959999999999999964e+00,5.369732156395912170e-02,-3.020741418004035950e-02
7.000000000000000000e+00,5.369267985224723816e-02,-2.964402735233306885e-02
7.040000000000000036e+00,5.368806049227714539e-02,-2.925532311201095581e-02
7.080000000000000071e+00,5.368482321500778198e-02,-2.894743345677852631e-02
7.120000000000000107e+00,5.368289351463317871e-02,-2.876720577478408813e-02
7.160000000000000142e+00,5.367903783917427063e-02,-2.861522883176803589e-02
7.200000000000000178e+00,5.367570742964744568e-02,-2.851707115769386292e-02
7.240000000000000213e+00,5.367253720760345459e-02,-2.842605859041213989e-02
7.280000000000000249e+00,5.367096886038780212e-02,-2.843285351991653442e-02
7.320000000000000284e+00,5.366753786802291870e-02,-2.841908857226371765e-02
7.360000000000000320e+00,5.366443842649459839e-02,-2.842427417635917664e-02
7.400000000000000355e+00,5.366162210702896118e-02,-2.852636575698852539e-02
7.440000000000000391e+00,5.366050824522972107e-02,-2.856284007430076599e-02
7.480000000000000426e+00,5.366048961877822876e-02,-2.863418310880661011e-02
7.520000000000000462e+00,5.365845933556556702e-02,-2.867530286312103271e-02
7.560000000000000497e+00,5.365980789065361023e-02,-2.878401428461074829e-02
7.600000000000000533e+00,5.365885049104690552e-02,-2.882513590157032013e-02
7.640000000000000568e+00,5.366116017103195190e-02,-2.893724292516708374e-02
7.679999999999999716e+00,5.366085469722747803e-02,-2.897872403264045715e-02
7.719999999999999751e+00,5.366063863039016724e-02,-2.903182804584503174e-02
7.759999999999999787e+00,5.365893989801406860e-02,-2.909404970705509186e-02
7.799999999999999822e+00,5.365939810872077942e-02,-2.924334257841110229e-02
7.839999999999999858e+00,5.365932360291481018e-02,-2.931021340191364288e-02
7.879999999999999893e+00,5.365912988781929016e-02,-2.935115993022918701e-02
7.919999999999999929e+00,5.365757271647453308e-02,-2.940372377634048462e-02
7.959999999999999964e+00,5.365636572241783142e-02,-2.945396676659584045e-02
8.000000000000000000e+00,5.365717411041259766e-02,-2.957107871770858765e-02
8.040000000000000924e+00,5.365421622991561890e-02,-2.955176867544651031e-02
8.080000000000000071e+00,5.365528166294097900e-02,-2.964617311954498291e-02
8.120000000000000995e+00,5.365574359893798828e-02,-2.964796125888824463e-02
8.160000000000000142e+00,5.365587398409843445e-02,-2.963651716709136963e-02
8.199999999999999289e+00,5.365602672100067139e-02,-2.962203323841094971e-02
8.240000000000000213e+00,5.365585908293724060e-02,-2.959843352437019348e-02
8.279999999999999361e+00,5.365888774394989014e-02,-2.963311970233917236e-02
8.320000000000000284e+00,5.365864187479019165e-02,-2.965582720935344696e-02
8.359999999999999432e+00,5.365983396768569946e-02,-2.967352978885173798e-02
8.400000000000000355e+00,5.366063117980957031e-02,-2.965904586017131805e-02
8.439999999999999503e+00,5.366017669439315796e-02,-2.967281453311443329e-02
8.480000000000000426e+00,5.365983396768569946e-02,-2.969355508685112000e-02
8.519999999999999574e+00,5.366273969411849976e-02,-2.975631132721900940e-02
8.560000000000000497e+00,5.366121605038642883e-02,-2.967603318393230438e-02
8.599999999999999645e+00,5.366042628884315491e-02,-2.967263571918010712e-02
8.640000000000000568e+00,5.365883558988571167e-02,-2.969373390078544617e-02
8.679999999999999716e+00,5.366093292832374573e-02,-2.977061457931995392e-02
8.720000000000000639e+00,5.365865677595138550e-02,-2.969856187701225281e-02
8.759999999999999787e+00,5.365978181362152100e-02,-2.979242801666259766e-02
8.800000000000000711e+00,5.365682765841484070e-02,-2.974701300263404846e-02
8.839999999999999858e+00,5.365828797221183777e-02,-2.982318028807640076e-02
8.880000000000000782e+00,5.365886539220809937e-02,-2.980101108551025391e-02
8.919999999999999929e+00,5.365920066833496094e-02,-2.977651543915271759e-02
8.960000000000000853e+00,5.365857854485511780e-02,-2.978849597275257111e-02
9.000000000000000000e+00,5.365823209285736084e-02,-2.980422973632812500e-02
9.040000000000000924e+00,5.366204306483268738e-02,-2.982067689299583435e-02
9.080000000000000071e+00,5.366033315658569336e-02,-2.972859889268875122e-02
9.120000000000000995e+00,5.365949124097824097e-02,-2.973128110170364380e-02
9.160000000000000142e+00,5.366212874650955200e-02,-2.977740950882434845e-02
9.200000000000001066e+00,5.365973338484764099e-02,-2.972394973039627075e-02
9.240000000000000213e+00,5.365829914808273315e-02,-2.975309267640113831e-02
9.279999999999999361e+00,5.365694314241409302e-02,-2.975988760590553284e-02
9.320000000000000284e+00,5.365589633584022522e-02,-2.975362911820411682e-02
9.359999999999999432e+00,5.365823209285736084e-02,-2.978706546127796173e-02
9.400000000000000355e+00,5.365899205207824707e-02,-2.978116460144519806e-02
9.439999999999999503e+00,5.365957319736480713e-02,-2.978080697357654572e-02
9.480000000000000426e+00,5.365997925400733948e-02,-2.977293916046619415e-02
9.519999999999999574e+00,5.366038531064987183e-02,-2.975827828049659729e-02
9.560000000000000497e+00,5.366005375981330872e-02,-2.978170104324817657e-02
9.599999999999999645e+00,5.365992337465286255e-02,-2.979975938796997070e-02
9.640000000000000568e+00,5.365672335028648376e-02,-2.970553562045097351e-02
9.679999999999999716e+00,5.365740880370140076e-02,-2.977401204407215118e-02
9.720000000000000639e+00,5.365756154060363770e-02,-2.975774183869361877e-02
9.759999999999999787e+00,5.365758016705513000e-02,-2.973503246903419495e-02
9.800000000000000711e+00,5.365722253918647766e-02,-2.975005283951759338e-02
9.839999999999999858e+00,5.365690961480140686e-02,-2.975827828049659729e-02
9.880000000000000782e+00,5.365650355815887451e-02,-2.975291386246681213e-02
9.919999999999999929e+00,5.365608260035514832e-02,-2.974075451493263245e-02
9.960000000000000853e+00,5.365920066833496094e-02,-2.977115102112293243e-02
1.000000000000000000e+01,5.365760624408721924e-02,-2.966816537082195282e-02
1.004000000000000092e+01,5.365664884448051453e-02,-2.969891950488090515e-02
1.008000000000000007e+01,5.365905165672302246e-02,-2.975702658295631409e-02
1.012000000000000099e+01,5.366047844290733337e-02,-2.973324805498123169e-02
1.016000000000000014e+01,5.365814268589019775e-02,-2.971071749925613403e-02
1.020000000000000107e+01,5.366002023220062256e-02,-2.979493141174316406e-02
1.024000000000000021e+01,5.366104468703269958e-02,-2.978670783340930939e-02
1.027999999999999936e+01,5.366187915205955505e-02,-2.976793237030506134e-02
1.032000000000000028e+01,5.366243049502372742e-02,-2.979546785354614258e-02
1.035999999999999943e+01,5.366281047463417053e-02,-2.981066703796386719e-02
1.040000000000000036e+01,5.365958437323570251e-02,-2.976757474243640900e-02
1.043999999999999950e+01,5.366090685129165649e-02,-2.983462437987327576e-02
1.048000000000000043e+01,5.366129055619239807e-02,-2.980458736419677734e-02
1.051999999999999957e+01,5.366167053580284119e-02,-2.977580018341541290e-02
1.056000000000000050e+01,5.366173759102821350e-02,-2.974093332886695862e-02
1.059999999999999964e+01,5.366182699799537659e-02,-2.970982342958450317e-02
1.064000000000000057e+01,5.366182699799537659e-02,-2.967442385852336884e-02
1.067999999999999972e+01,5.365853756666183472e-02,-2.969963476061820984e-02
1.072000000000000064e+01,5.365630611777305603e-02,-2.976578660309314728e-02
1.075999999999999979e+01,5.365428328514099121e-02,-2.979975938796997070e-02
1.080000000000000071e+01,5.365593358874320984e-02,-2.985339611768722534e-02
1.083999999999999986e+01,5.365666002035140991e-02,-2.981621026992797852e-02
1.088000000000000078e+01,5.365717411041259766e-02,-2.977937646210193634e-02
1.091999999999999993e+01,5.365768447518348694e-02,-2.974844351410865784e-02
1.096000000000000085e+01,5.366130918264389038e-02,-2.975112572312355042e-02
1.100000000000000000e+01,5.366408824920654297e-02,-2.973842993378639221e-02
1.104000000000000092e+01,5.366282537579536438e-02,-2.967639081180095673e-02
1.108000000000000007e+01,5.366221442818641663e-02,-2.969105169177055359e-02
1.112000000000000099e+01,5.365870520472526550e-02,-2.970803529024124146e-02
1.116000000000000014e+01,5.365950241684913635e-02,-2.980154752731323242e-02
1.120000000000000107e+01,5.365960299968719482e-02,-2.979475259780883789e-02
1.124000000000000021e+01,5.365921556949615479e-02,-2.972573786973953247e-02
1.127999999999999936e+01,5.365929380059242249e-02,-2.972430735826492310e-02
1.132000000000000028e+01,5.366004258394241333e-02,-2.981746196746826172e-02
1.135999999999999943e+01,5.365956947207450867e-02,-2.975041046738624573e-02
1.140000000000000036e+01,5.366010963916778564e-02,-2.981692552566528320e-02
1.143999999999999950e+01,5.366053432226181030e-02,-2.984356507658958435e-02
1.148000000000000043e+01,5.365964770317077637e-02,-2.973842993378639221e-02
1.151999999999999957e+01,5.366013944149017334e-02,-2.978313155472278595e-02
1.156000000000000050e+01,5.366041511297225952e-02,-2.978581376373767853e-02
1.159999999999999964e+01,5.366038903594017029e-02,-2.977436967194080353e-02
1.164000000000000057e+01,5.366038531064987183e-02,-2.975952997803688049e-02
1.167999999999999972e+01,5.365696921944618225e-02,-2.970553562045097351e-02
1.172000000000000064e+01,5.365920066833496094e-02,-2.986305207014083862e-02
1.175999999999999979e+01,5.366037413477897644e-02,-2.988343499600887299e-02
1.180000000000000071e+01,5.365973338484764099e-02,-2.977097220718860626e-02
1.183999999999999986e+01,5.365607142448425293e-02,-2.967496030032634735e-02
1.188000000000000078e+01,5.365840345621109009e-02,-2.980440855026245117e-02
1.191999999999999993e+01,5.365950241684913635e-02,-2.979582548141479492e-02
1.196000000000000085e+01,5.365864187479019165e-02,-2.966011874377727509e-02
1.200000000000000000e+01,5.365812405943870544e-02,-2.958270162343978882e-02
1.204000000000000092e+01,5.365594848990440369e-02,-2.959968522191047668e-02
1.208000000000000007e+01,5.365422740578651428e-02,-2.963276207447052002e-02
1.212000000000000099e+01,5.365278944373130798e-02,-2.964581549167633057e-02
1.216000000000000014e+01,5.365465953946113586e-02,-2.967138402163982391e-02
1.220000000000000107e+01,5.365239083766937256e-02,-2.958699315786361694e-02
1.224000000000000021e+01,5.365607142448425293e-02,-2.972913533449172974e-02
1.228000000000000114e+01,5.365483462810516357e-02,-2.969373390078544617e-02
1.232000000000000028e+01,5.365749448537826538e-02,-2.975702658295631409e-02
1.235999999999999943e+01,5.365921556949615479e-02,-2.973324805498123169e-02
1.240000000000000036e+01,5.366057902574539185e-02,-2.971179038286209106e-02
1.243999999999999950e+01,5.366152897477149963e-02,-2.968801185488700867e-02
1.248000000000000043e+01,5.366235971450805664e-02,-2.966584078967571259e-02
1.251999999999999957e+01,5.366293713450431824e-02,-2.963884174823760986e-02
1.256000000000000050e+01,5.366216972470283508e-02,-2.970624715089797974e-02
1.259999999999999964e+01,5.365964025259017944e-02,-2.964527904987335205e-02
1.264000000000000057e+01,5.365986004471778870e-02,-2.974969521164894104e-02
1.267999999999999972e+01,5.365966260433197021e-02,-2.977472729980945587e-02
1.272000000000000064e+01,5.366487428545951843e-02,-2.993153408169746399e-02
1.275999999999999979e+01,5.366272479295730591e-02,-2.978974767029285431e-02
1.280000000000000071e+01,5.366177484393119812e-02,-2.978277392685413361e-02
1.283999999999999986e+01,5.366092547774314880e-02,-2.976757474243640900e-02
1.288000000000000078e+01,5.365698784589767456e-02,-2.971894294023513794e-02
1.291999999999999993e+01,5.365983396768569946e-02,-2.987842820584774017e-02
1.296000000000000085e+01,5.365868285298347473e-02,-2.974969521164894104e-02
1.300000000000000000e+01,5.365497991442680359e-02,-2.967084757983684540e-02
1.304000000000000092e+01,5.365478992462158203e-02,-2.978384681046009064e-02
1.308000000000000007e+01,5.365417897701263428e-02,-2.980655431747436523e-02
1.312000000000000099e+01,5.365365371108055115e-02,-2.981138229370117188e-02
1.316000000000000014e+01,5.365638062357902527e-02,-2.982639893889427185e-02
1.320000000000000107e+01,5.366067215800285339e-02,-2.989183925092220306e-02
1.324000000000000021e+01,5.366097763180732727e-02,-2.976006641983985901e-02
1.328000000000000114e+01,5.366126447916030884e-02,-2.982014045119285583e-02
1.332000000000000028e+01,5.366172641515731812e-02,-2.986501902341842651e-02
1.335999999999999943e+01,5.366481840610504150e-02,-2.990203164517879486e-02
1.340000000000000036e+01,5.366408824920654297e-02,-2.985321730375289917e-02
1.343999999999999950e+01,5.366378277540206909e-02,-2.986108511686325073e-02
1.348000000000000043e+01,5.366369336843490601e-02,-2.985911816358566284e-02
1.351999999999999957e+01,5.366348475217819214e-02,-2.984696254134178162e-02
1.356000000000000050e+01,5.366323888301849365e-02,-2.982639893889427185e-02
1.359999999999999964e+01,5.366291105747222900e-02,-2.979832887649536133e-02
1.364000000000000057e+01,5.366253480315208435e-02,-2.976954169571399689e-02
1.367999999999999972e+01,5.366208031773567200e-02,-2.973699942231178284e-02
1.372000000000000064e+01,5.366197228431701660e-02,-2.970553562045097351e-02
1.375999999999999979e+01,5.365861579775810242e-02,-2.964688837528228760e-02
1.380000000000000071e+01,5.365951731801033020e-02,-2.978134341537952423e-02
1.383999999999999986e+01,5.365953221917152405e-02,-2.980601787567138672e-02
1.388000000000000078e+01,5.365957692265510559e-02,-2.981817722320556641e-02
1.391999999999999993e+01,5.365954712033271790e-02,-2.981621026992797852e-02
1.396000000000000085e+01,5.365945398807525635e-02,-2.980458736419677734e-02
1.400000000000000000e+01,5.365932360291481018e-02,-2.978527732193470001e-02
1.404000000000000092e+01,5.365911498665809631e-02,-2.975881472229957581e-02
1.408000000000000007e+01,5.365885049104690552e-02,-2.973110228776931763e-02
1.412000000000000099e+01,5.365849658846855164e-02,-2.969963476061820984e-02
1.416000000000000014e+01,5.366168916225433350e-02,-2.979904413223266602e-02
1.420000000000000107e+01,5.365998297929763794e-02,-2.966226451098918915e-02
1.424000000000000021e+01,5.365995690226554871e-02,-2.974719181656837463e-02
1.428000000000000114e+01,5.365626886487007141e-02,-2.965242974460124969e-02
1.432000000000000028e+01,5.365739390254020691e-02,-2.976828999817371368e-02
1.435999999999999943e+01,5.365748330950737000e-02,-2.976900525391101837e-02
1.440000000000000036e+01,5.365755036473274231e-02,-2.976346202194690704e-02
1.443999999999999950e+01,5.365757271647453308e-02,-2.974701300263404846e-02
1.448000000000000043e+01,5.365750193595886230e-02,-2.972359210252761841e-02
1.451999999999999957e+01,5.365850031375885010e-02,-2.982174977660179138e-02
1.456000000000000050e+01,5.366190522909164429e-02,-2.987342327833175659e-02
1.459999999999999964e+01,5.366396903991699219e-02,-2.985089272260665894e-02
1.464000000000000057e+01,5.366180837154388428e-02,-2.970178052783012390e-02
1.467999999999999972e+01,5.366187915205955505e-02,-2.978420443832874298e-02
1.472000000000000064e+01,5.366182699799537659e-02,-2.981013059616088867e-02
1.475999999999999979e+01,5.366440117359161377e-02,-2.982318028807640076e-02
1.480000000000000071e+01,5.365912616252899170e-02,-2.962990105152130127e-02
1.483999999999999986e+01,5.365996435284614563e-02,-2.974146977066993713e-02
1.488000000000000078e+01,5.365994200110435486e-02,-2.973038703203201294e-02
1.491999999999999993e+01,5.365714430809020996e-02,-2.970749884843826294e-02
1.496000000000000085e+01,5.365785583853721619e-02,-2.973271161317825317e-02
1.500000000000000000e+01,5.365788936614990234e-02,-2.968926355242729187e-02
1.504000000000000092e+01,5.365782603621482849e-02,-2.964456379413604736e-02
1.508000000000000007e+01,5.365507304668426514e-02,-2.960040047764778137e-02
1.512000000000000099e+01,5.365748703479766846e-02,-2.974057570099830627e-02
1.516000000000000014e+01,5.365872010588645935e-02,-2.975023165345191956e-02
1.520000000000000107e+01,5.365956202149391174e-02,-2.974915876984596252e-02
1.524000000000000021e+01,5.365554615855216980e-02,-2.960737422108650208e-02
1.528000000000000114e+01,5.365758761763572693e-02,-2.971375733613967896e-02
1.532000000000000028e+01,5.366279929876327515e-02,-2.982461079955101013e-02
1.535999999999999943e+01,5.366197228431701660e-02,-2.968783304095268250e-02
1.540000000000000036e+01,5.366197600960731506e-02,-2.966601960361003876e-02
1.543999999999999950e+01,5.366191267967224121e-02,-2.963902056217193604e-02
1.548000000000000043e+01,5.365678668022155762e-02,-2.961166575551033020e-02
1.551999999999999957e+01,5.365329608321189880e-02,-2.967192046344280243e-02
1.556000000000000050e+01,5.365747585892677307e-02,-2.983051165938377380e-02
1.559999999999999964e+01,5.365942791104316711e-02,-2.979815006256103516e-02
1.564000000000000057e+01,5.366113781929016113e-02,-2.977436967194080353e-02
1.567999999999999972e+01,5.366003140807151794e-02,-2.975130453705787659e-02
1.572000000000000064e+01,5.366183444857597351e-02,-2.976846881210803986e-02
1.575999999999999979e+01,5.366077646613121033e-02,-2.973467484116554260e-02
1.580000000000000071e+01,5.366002023220062256e-02,-2.974039688706398010e-02
1.583999999999999986e+01,5.365923047065734863e-02,-2.973378449678421021e-02
1.588000000000000078e+01,5.365878716111183167e-02,-2.972287684679031372e-02
1.591999999999999993e+01,5.365814268589019775e-02,-2.969659492373466492e-02
1.596000000000000085e+01,5.365510657429695129e-02,-2.967478148639202118e-02
1.600000000000000000e+01,5.365278199315071106e-02,-2.969105169177055359e-02
1.603999999999999915e+01,5.365340411663055420e-02,-2.968461439013481140e-02
1.608000000000000185e+01,5.365104228258132935e-02,-2.962221205234527588e-02
1.612000000000000099e+01,5.364936962723731995e-02,-2.961148694157600403e-02
1.616000000000000014e+01,5.365084484219551086e-02,-2.972967177629470825e-02
1.619999999999999929e+01,5.365636944770812988e-02,-2.988164685666561127e-02
1.624000000000000199e+01,5.366032198071479797e-02,-2.990131638944149017e-02
1.628000000000000114e+01,5.366058647632598877e-02,-2.976811118423938751e-02
1.632000000000000028e+01,5.365902185440063477e-02,-2.973253279924392700e-02
1.635999999999999943e+01,5.365780368447303772e-02,-2.973664179444313049e-02
1.639999999999999858e+01,5.366230010986328125e-02,-2.986555546522140503e-02
1.644000000000000128e+01,5.366527289152145386e-02,-2.985071390867233276e-02
1.648000000000000043e+01,5.366746336221694946e-02,-2.983069047331809998e-02
1.651999999999999957e+01,5.366697162389755249e-02,-2.982622012495994568e-02
1.655999999999999872e+01,5.366361141204833984e-02,-2.971661835908889771e-02
1.660000000000000142e+01,5.365920811891555786e-02,-2.969731017947196960e-02
1.664000000000000057e+01,5.366159230470657349e-02,-2.983873710036277771e-02
1.667999999999999972e+01,5.365708097815513611e-02,-2.968783304095268250e-02
1.671999999999999886e+01,5.365943163633346558e-02,-2.979868650436401367e-02
1.676000000000000156e+01,5.366062000393867493e-02,-2.976739592850208282e-02
1.680000000000000071e+01,5.365931242704391479e-02,-2.974647656083106995e-02
1.683999999999999986e+01,5.365836247801780701e-02,-2.976292558014392853e-02
1.687999999999999901e+01,5.366339161992073059e-02,-2.989809773862361908e-02
1.692000000000000171e+01,5.366639420390129089e-02,-2.987932227551937103e-02
1.696000000000000085e+01,5.366314575076103210e-02,-2.973539009690284729e-02
1.700000000000000000e+01,5.365962535142898560e-02,-2.974611893296241760e-02
1.703999999999999915e+01,5.365694686770439148e-02,-2.977168746292591095e-02
1.708000000000000185e+01,5.366056784987449646e-02,-2.990667894482612610e-02
1.712000000000000099e+01,5.366240441799163818e-02,-2.988057397305965424e-02
1.716000000000000014e+01,5.366395413875579834e-02,-2.985697239637374878e-02
1.719999999999999929e+01,5.366515368223190308e-02,-2.983533963561058044e-02
1.724000000000000199e+01,5.365838110446929932e-02,-2.970124408602714539e-02
1.728000000000000114e+01,5.365964025259017944e-02,-2.986287325620651245e-02
1.732000000000000028e+01,5.365992337465286255e-02,-2.985929697751998901e-02
1.735999999999999943e+01,5.366091430187225342e-02,-2.983283624053001404e-02
1.740000000000000213e+01,5.366070568561553955e-02,-2.979582548141479492e-02
1.744000000000000128e+01,5.366034805774688721e-02,-2.977508492767810822e-02
1.748000000000000043e+01,5.365323647856712341e-02,-2.963562309741973877e-02
1.751999999999999957e+01,5.365465208888053894e-02,-2.977651543915271759e-02
1.755999999999999872e+01,5.365442857146263123e-02,-2.974290028214454651e-02
1.760000000000000142e+01,5.365419015288352966e-02,-2.971322089433670044e-02
1.764000000000000057e+01,5.365304648876190186e-02,-2.968997880816459656e-02
1.767999999999999972e+01,5.365210026502609253e-02,-2.967907115817070007e-02
1.771999999999999886e+01,5.365149676799774170e-02,-2.966083399951457977e-02
1.776000000000000156e+01,5.365064740180969238e-02,-2.962882816791534424e-02
1.780000000000000071e+01,5.365547910332679749e-02,-2.973807230591773987e-02
1.783999999999999986e+01,5.365221947431564331e-02,-2.958019822835922241e-02
1.787999999999999901e+01,5.365650355815887451e-02,-2.969748899340629578e-02
1.792000000000000171e+01,5.365826934576034546e-02,-2.967335097491741180e-02
1.796000000000000085e+01,5.366000160574913025e-02,-2.966655604541301727e-02
1.800000000000000000e+01,5.366057902574539185e-02,-2.966566197574138641e-02
1.803999999999999915e+01,5.366105586290359497e-02,-2.967102639377117157e-02
1.808000000000000185e+01,5.366664379835128784e-02,-2.980530261993408203e-02
1.812000000000000099e+01,5.366355180740356445e-02,-2.969212457537651062e-02
1.816000000000000014e+01,5.366213619709014893e-02,-2.973289042711257935e-02
1.819999999999999929e+01,5.366097390651702881e-02,-2.974754944443702698e-02
1.824000000000000199e+01,5.365895479917526245e-02,-2.975792065262794495e-02
1.828000000000000114e+01,5.365755036473274231e-02,-2.977204509079456329e-02
1.832000000000000028e+01,5.366265773773193359e-02,-2.988701127469539642e-02
1.835999999999999943e+01,5.366590991616249084e-02,-2.984338626265525818e-02
1.840000000000000213e+01,5.366779118776321411e-02,-2.981996163725852966e-02
1.844000000000000128e+01,5.366866663098335266e-02,-2.982693538069725037e-02
1.848000000000000043e+01,5.367009714245796204e-02,-2.982586249709129333e-02
1.851999999999999957e+01,5.366435274481773376e-02,-2.970249578356742859e-02
1.855999999999999872e+01,5.366047844290733337e-02,-2.972627431154251099e-02
1.860000000000000142e+01,5.366301164031028748e-02,-2.986269444227218628e-02
1.864000000000000057e+01,5.366355180740356445e-02,-2.985482662916183472e-02
1.867999999999999972e+01,5.365741625428199768e-02,-2.973271161317825317e-02
1.871999999999999886e+01,5.365346744656562805e-02,-2.975380793213844299e-02
1.876000000000000156e+01,5.365642532706260681e-02,-2.986412495374679565e-02
1.880000000000000071e+01,5.365779995918273926e-02,-2.980977296829223633e-02
1.883999999999999986e+01,5.365860462188720703e-02,-2.978152222931385040e-02
1.887999999999999901e+01,5.365913733839988708e-02,-2.975899353623390198e-02
1.892000000000000171e+01,5.365877598524093628e-02,-2.975112572312355042e-02
1.896000000000000085e+01,5.365864187479019165e-02,-2.974933758378028870e-02
1.900000000000000000e+01,5.365794524550437927e-02,-2.975309267640113831e-02
1.903999999999999915e+01,5.365782603621482849e-02,-2.973771467804908752e-02
1.908000000000000185e+01,5.365739762783050537e-02,-2.972609549760818481e-02
1.912000000000000099e+01,5.365696921944618225e-02,-2.970982342958450317e-02
1.916000000000000014e+01,5.365600064396858215e-02,-2.970803529024124146e-02
1.919999999999999929e+01,5.365511029958724976e-02,-2.970356866717338562e-02
1.924000000000000199e+01,5.365372821688652039e-02,-2.970749884843826294e-02
1.928000000000000114e+01,5.365280807018280029e-02,-2.971232682466506958e-02
1.932000000000000028e+01,5.365210771560668945e-02,-2.969909831881523132e-02
1.935999999999999943e+01,5.365081503987312317e-02,-2.969176694750785828e-02
1.940000000000000213e+01,5.365586653351783752e-02,-2.981460094451904297e-02
1.944000000000000128e+01,5.365252122282981873e-02,-2.967209927737712860e-02
1.948000000000000043e+01,5.365734174847602844e-02,-2.979117631912231445e-02
1.951999999999999957e+01,5.366021767258644104e-02,-2.974540367722511292e-02
1.955999999999999872e+01,5.366205424070358276e-02,-2.972698956727981567e-02
1.960000000000000142e+01,5.366360023617744446e-02,-2.973038703203201294e-02
1.964000000000000057e+01,5.366465449333190918e-02,-2.973717823624610901e-02
1.967999999999999972e+01,5.366525799036026001e-02,-2.975076809525489807e-02
1.971999999999999886e+01,5.366599187254905701e-02,-2.975952997803688049e-02
1.976000000000000156e+01,5.365932732820510864e-02,-2.965368144214153290e-02
1.980000000000000071e+01,5.366164445877075195e-02,-2.981567382812500000e-02
1.983999999999999986e+01,5.366203561425209045e-02,-2.980029582977294922e-02
1.987999999999999901e+01,5.366238206624984741e-02,-2.979815006256103516e-02
1.992000000000000171e+01,5.366269871592521667e-02,-2.978939004242420197e-02
1.996000000000000085e+01,5.366281419992446899e-02,-2.978098578751087189e-02
