time,planner_x,planner_y,tracker_x,tracker_y
0.000000000000000000e+00,4.000000000000000000e+00,5.000000000000000000e+00,0.000000000000000000e+00,0.000000000000000000e+00
4.000000000000000083e-02,4.320000171661376953e+00,5.000000000000000000e+00,3.199999928474426270e-01,0.000000000000000000e+00
8.000000000000000167e-02,4.639994621276855469e+00,5.001920223236083984e+00,6.427209377288818359e-01,2.017801441252231598e-02
1.199999999999999956e-01,4.959971427917480469e+00,5.005760192871093750e+00,9.680884480476379395e-01,4.980108141899108887e-02
1.600000000000000033e-01,5.279919624328613281e+00,5.011519908905029297e+00,1.296105861663818359e+00,8.669499307870864868e-02
2.000000000000000111e-01,5.599827289581298828e+00,5.019199371337890625e+00,1.626784563064575195e+00,1.304830014705657959e-01
2.399999999999999911e-01,5.919683456420898438e+00,5.028798103332519531e+00,1.960130214691162109e+00,1.812148541212081909e-01
2.800000000000000266e-01,6.239476203918457031e+00,5.040315628051757812e+00,2.296142816543579102e+00,2.390513271093368530e-01
3.200000000000000067e-01,6.559194087982177734e+00,5.053751468658447266e+00,2.634810447692871094e+00,3.041873276233673096e-01
3.599999999999999867e-01,6.878825664520263672e+00,5.069105625152587891e+00,2.976093530654907227e+00,3.768303990364074707e-01
4.000000000000000222e-01,7.198359012603759766e+00,5.086377143859863281e+00,3.319940090179443359e+00,4.571964144706726074e-01
4.400000000000000022e-01,7.517783164978027344e+00,5.105565547943115234e+00,3.666340589523315430e+00,5.455174446105957031e-01
4.799999999999999822e-01,7.837086677551269531e+00,5.126670360565185547e+00,4.015330314636230469e+00,6.420470476150512695e-01
5.200000000000000178e-01,8.156257629394531250e+00,5.149690628051757812e+00,4.366938591003417969e+00,7.470533251762390137e-01
5.600000000000000533e-01,8.475284576416015625e+00,5.174625396728515625e+00,4.721139430999755859e+00,8.608071208000183105e-01
5.999999999999999778e-01,8.794156074523925781e+00,5.201473712921142578e+00,5.077833175659179688e+00,9.835712313652038574e-01
6.400000000000000133e-01,9.112860679626464844e+00,5.230234622955322266e+00,5.436851501464843750e+00,1.115594267845153809e+00
6.800000000000000488e-01,9.431386947631835938e+00,5.260907649993896484e+00,5.797974586486816406e+00,1.257107853889465332e+00
7.199999999999999734e-01,9.749723434448242188e+00,5.293490886688232422e+00,6.160951614379882812e+00,1.408327937126159668e+00
7.600000000000000089e-01,1.006785869598388672e+01,5.327983856201171875e+00,6.525512695312500000e+00,1.569455742835998535e+00
8.000000000000000444e-01,1.038578128814697266e+01,5.364384651184082031e+00,6.891378879547119141e+00,1.740674853324890137e+00
8.399999999999999689e-01,1.070347976684570312e+01,5.402692317962646484e+00,7.258270263671875000e+00,1.922137260437011719e+00
8.800000000000000044e-01,1.102094268798828125e+01,5.442905902862548828e+00,7.625922679901123047e+00,2.113931417465209961e+00
9.200000000000000400e-01,1.133815860748291016e+01,5.485023498535156250e+00,7.994121074676513672e+00,2.316026210784912109e+00
9.599999999999999645e-01,1.165511608123779297e+01,5.529043674468994141e+00,8.362741470336914062e+00,2.528205871582031250e+00
1.000000000000000000e+00,1.197180366516113281e+01,5.574964523315429688e+00,8.731786727905273438e+00,2.750035762786865234e+00
1.040000000000000036e+00,1.228820991516113281e+01,5.622784614562988281e+00,9.101370811462402344e+00,2.980929136276245117e+00
1.080000000000000071e+00,1.260432434082031250e+01,5.672502517700195312e+00,9.471625328063964844e+00,3.220327138900756836e+00
1.120000000000000107e+00,1.292013454437255859e+01,5.724115848541259766e+00,9.842748641967773438e+00,3.467628717422485352e+00
1.159999999999999920e+00,1.323562908172607422e+01,5.777623176574707031e+00,1.021521949768066406e+01,3.721848964691162109e+00
1.199999999999999956e+00,1.355079746246337891e+01,5.833022594451904297e+00,1.059004020690917969e+01,3.981293916702270508e+00
1.239999999999999991e+00,1.386562728881835938e+01,5.890312194824218750e+00,1.096936607360839844e+01,4.242671966552734375e+00
1.280000000000000027e+00,1.418010807037353516e+01,5.949489593505859375e+00,1.135552501678466797e+01,4.502551078796386719e+00
1.320000000000000062e+00,1.449422836303710938e+01,6.010552883148193359e+00,1.174925041198730469e+01,4.759799480438232422e+00
1.360000000000000098e+00,1.480797576904296875e+01,6.073499679565429688e+00,1.215073013305664062e+01,5.013930320739746094e+00
1.400000000000000133e+00,1.512133979797363281e+01,6.138327598571777344e+00,1.256004047393798828e+01,5.264245986938476562e+00
1.439999999999999947e+00,1.543430995941162109e+01,6.205034732818603516e+00,1.297716236114501953e+01,5.509447574615478516e+00
1.479999999999999982e+00,1.574687385559082031e+01,6.273618698120117188e+00,1.340148353576660156e+01,5.747070312500000000e+00
1.520000000000000018e+00,1.605902099609375000e+01,6.344076633453369141e+00,1.383208942413330078e+01,5.974663734436035156e+00
1.560000000000000053e+00,1.637073898315429688e+01,6.416406154632568359e+00,1.426777839660644531e+01,6.190962791442871094e+00
1.600000000000000089e+00,1.668201828002929688e+01,6.490604877471923828e+00,1.470726585388183594e+01,6.395297050476074219e+00
1.640000000000000124e+00,1.699284553527832031e+01,6.566669464111328125e+00,1.514994525909423828e+01,6.587255477905273438e+00
1.679999999999999938e+00,1.730321121215820312e+01,6.644598007202148438e+00,1.559600448608398438e+01,6.766734600067138672e+00
1.719999999999999973e+00,1.761310386657714844e+01,6.724387168884277344e+00,1.604857826232910156e+01,6.935005187988281250e+00
1.760000000000000009e+00,1.792251205444335938e+01,6.806034088134765625e+00,1.650935363769531250e+01,7.092617988586425781e+00
1.800000000000000044e+00,1.823142623901367188e+01,6.889536380767822266e+00,1.697816658020019531e+01,7.239371299743652344e+00
1.840000000000000080e+00,1.853983306884765625e+01,6.974890232086181641e+00,1.745334815979003906e+01,7.374591827392578125e+00
1.880000000000000115e+00,1.884772300720214844e+01,7.062093257904052734e+00,1.793033790588378906e+01,7.496970653533935547e+00
1.919999999999999929e+00,1.915508270263671875e+01,7.151142120361328125e+00,1.840732192993164062e+01,7.606462478637695312e+00
1.959999999999999964e+00,1.946190261840820312e+01,7.242033481597900391e+00,1.888341903686523438e+01,7.703322410583496094e+00
2.000000000000000000e+00,1.976817131042480469e+01,7.334764003753662109e+00,1.935774993896484375e+01,7.788125991821289062e+00
2.040000000000000036e+00,2.007387924194335938e+01,7.429330348968505859e+00,1.982942771911621094e+01,7.862697601318359375e+00
2.080000000000000071e+00,2.037901306152343750e+01,7.525729179382324219e+00,2.029731178283691406e+01,7.931792736053466797e+00
2.120000000000000107e+00,2.068356323242187500e+01,7.623957157135009766e+00,2.076023292541503906e+01,8.002104759216308594e+00
2.160000000000000142e+00,2.098751831054687500e+01,7.724010944366455078e+00,2.121744918823242188e+01,8.078381538391113281e+00
2.200000000000000178e+00,2.129086875915527344e+01,7.825886726379394531e+00,2.166872024536132812e+01,8.162049293518066406e+00
2.240000000000000213e+00,2.159360313415527344e+01,7.929580688476562500e+00,2.211406135559082031e+01,8.252684593200683594e+00
2.280000000000000249e+00,2.189570999145507812e+01,8.035089492797851562e+00,2.255345153808593750e+01,8.349982261657714844e+00
2.319999999999999840e+00,2.219717788696289062e+01,8.142408370971679688e+00,2.298689842224121094e+01,8.453315734863281250e+00
2.359999999999999876e+00,2.249799537658691406e+01,8.251534461975097656e+00,2.341428184509277344e+01,8.562639236450195312e+00
2.399999999999999911e+00,2.279815292358398438e+01,8.362462997436523438e+00,2.383540344238281250e+01,8.678208351135253906e+00
2.439999999999999947e+00,2.309763908386230469e+01,8.475191116333007812e+00,2.425007820129394531e+01,8.800205230712890625e+00
2.479999999999999982e+00,2.339644432067871094e+01,8.589714050292968750e+00,2.465822410583496094e+01,8.928315162658691406e+00
2.520000000000000018e+00,2.369455718994140625e+01,8.706027030944824219e+00,2.505985641479492188e+01,9.061980247497558594e+00
2.560000000000000053e+00,2.399196624755859375e+01,8.824127197265625000e+00,2.545501899719238281e+01,9.200641632080078125e+00
2.600000000000000089e+00,2.428866195678710938e+01,8.944009780883789062e+00,2.584377479553222656e+01,9.343733787536621094e+00
2.640000000000000124e+00,2.458463287353515625e+01,9.065670013427734375e+00,2.622617149353027344e+01,9.490786552429199219e+00
2.680000000000000160e+00,2.487986755371093750e+01,9.189104080200195312e+00,2.660223770141601562e+01,9.641436576843261719e+00
2.720000000000000195e+00,2.517435646057128906e+01,9.314307212829589844e+00,2.697199249267578125e+01,9.795387268066406250e+00
2.760000000000000231e+00,2.546809005737304688e+01,9.441274642944335938e+00,2.733545875549316406e+01,9.952369689941406250e+00
2.800000000000000266e+00,2.576105690002441406e+01,9.570002555847167969e+00,2.769266319274902344e+01,1.011212635040283203e+01
2.839999999999999858e+00,2.605324554443359375e+01,9.700486183166503906e+00,2.804363822937011719e+01,1.027441310882568359e+01
2.879999999999999893e+00,2.634464645385742188e+01,9.832720756530761719e+00,2.838842010498046875e+01,1.043899345397949219e+01
2.919999999999999929e+00,2.663524818420410156e+01,9.966700553894042969e+00,2.872704696655273438e+01,1.060563945770263672e+01
2.959999999999999964e+00,2.692504119873046875e+01,1.010242176055908203e+01,2.905956268310546875e+01,1.077413082122802734e+01
3.000000000000000000e+00,2.721401405334472656e+01,1.023987960815429688e+01,2.938601493835449219e+01,1.094425201416015625e+01
3.040000000000000036e+00,2.750215721130371094e+01,1.037906837463378906e+01,2.970645141601562500e+01,1.111579418182373047e+01
3.080000000000000071e+00,2.778945922851562500e+01,1.051998424530029297e+01,3.002092742919921875e+01,1.128855323791503906e+01
3.120000000000000107e+00,2.807591056823730469e+01,1.066262054443359375e+01,3.032949829101562500e+01,1.146233081817626953e+01
3.160000000000000142e+00,2.836150169372558594e+01,1.080697345733642578e+01,3.063222312927246094e+01,1.163693237304687500e+01
3.200000000000000178e+00,2.864622116088867188e+01,1.095303726196289062e+01,3.092916297912597656e+01,1.181217002868652344e+01
3.240000000000000213e+00,2.893005943298339844e+01,1.110080718994140625e+01,3.122038078308105469e+01,1.198785972595214844e+01
3.280000000000000249e+00,2.921300506591796875e+01,1.125027656555175781e+01,3.150594329833984375e+01,1.216382122039794922e+01
3.320000000000000284e+00,2.949505043029785156e+01,1.140144157409667969e+01,3.178591918945312500e+01,1.233988094329833984e+01
3.359999999999999876e+00,2.977618217468261719e+01,1.155429553985595703e+01,3.206037521362304688e+01,1.251586627960205078e+01
3.399999999999999911e+00,3.005639266967773438e+01,1.170883369445800781e+01,3.232938766479492188e+01,1.269161033630371094e+01
3.439999999999999947e+00,3.033567047119140625e+01,1.186505031585693359e+01,3.259302902221679688e+01,1.286695003509521484e+01
3.479999999999999982e+00,3.061400604248046875e+01,1.202293968200683594e+01,3.285137176513671875e+01,1.304172420501708984e+01
3.520000000000000018e+00,3.089138984680175781e+01,1.218249607086181641e+01,3.310449600219726562e+01,1.321577644348144531e+01
3.560000000000000053e+00,3.116781044006347656e+01,1.234371471405029297e+01,3.335248184204101562e+01,1.338895320892333984e+01
3.600000000000000089e+00,3.144326019287109375e+01,1.250658893585205078e+01,3.359540939331054688e+01,1.356110572814941406e+01
3.640000000000000124e+00,3.171772766113281250e+01,1.267111206054687500e+01,3.383335876464843750e+01,1.373208904266357422e+01
3.680000000000000160e+00,3.199120140075683594e+01,1.283727931976318359e+01,3.406640625000000000e+01,1.390176296234130859e+01
3.720000000000000195e+00,3.226367568969726562e+01,1.300508499145507812e+01,3.429463577270507812e+01,1.406999301910400391e+01
3.760000000000000231e+00,3.253513717651367188e+01,1.317452239990234375e+01,3.451812362670898438e+01,1.423665237426757812e+01
3.800000000000000266e+00,3.280557632446289062e+01,1.334558486938476562e+01,3.473694610595703125e+01,1.440162277221679688e+01
3.839999999999999858e+00,3.307498550415039062e+01,1.351826763153076172e+01,3.495117187500000000e+01,1.456479644775390625e+01
3.879999999999999893e+00,3.334335327148437500e+01,1.369256305694580078e+01,3.516086578369140625e+01,1.472607898712158203e+01
3.919999999999999929e+00,3.361066818237304688e+01,1.386846542358398438e+01,3.536608123779296875e+01,1.488539123535156250e+01
3.959999999999999964e+00,3.387692642211914062e+01,1.404596900939941406e+01,3.556686782836914062e+01,1.504266929626464844e+01
4.000000000000000000e+00,3.414211273193359375e+01,1.422506713867187500e+01,3.576326751708984375e+01,1.519786834716796875e+01
4.040000000000000036e+00,3.440621948242187500e+01,1.440575313568115234e+01,3.595531845092773438e+01,1.535096263885498047e+01
4.080000000000000071e+00,3.466923904418945312e+01,1.458802032470703125e+01,3.614305877685546875e+01,1.550194644927978516e+01
4.120000000000000107e+00,3.493115997314453125e+01,1.477186203002929688e+01,3.632654190063476562e+01,1.565083789825439453e+01
4.160000000000000142e+00,3.519197082519531250e+01,1.495727157592773438e+01,3.650587844848632812e+01,1.579769611358642578e+01
4.200000000000000178e+00,3.545166778564453125e+01,1.514424324035644531e+01,3.668128967285156250e+01,1.594266414642333984e+01
4.240000000000000213e+00,3.571023559570312500e+01,1.533276939392089844e+01,3.685324859619140625e+01,1.608607101440429688e+01
4.280000000000000249e+00,3.596767044067382812e+01,1.552284336090087891e+01,3.702270507812500000e+01,1.622859954833984375e+01
4.320000000000000284e+00,3.622395706176757812e+01,1.571445846557617188e+01,3.719110870361328125e+01,1.637133407592773438e+01
4.360000000000000320e+00,3.647909164428710938e+01,1.590760803222656250e+01,3.735994338989257812e+01,1.651540374755859375e+01
4.400000000000000355e+00,3.673306274414062500e+01,1.610228538513183594e+01,3.753031539916992188e+01,1.666162490844726562e+01
4.440000000000000391e+00,3.698585891723632812e+01,1.629848289489746094e+01,3.770296478271484375e+01,1.681048393249511719e+01
4.480000000000000426e+00,3.723747634887695312e+01,1.649619293212890625e+01,3.787837600708007812e+01,1.696225357055664062e+01
4.520000000000000462e+00,3.748789978027343750e+01,1.669540977478027344e+01,3.805683898925781250e+01,1.711709022521972656e+01
4.560000000000000497e+00,3.773712539672851562e+01,1.689612579345703125e+01,3.823848724365234375e+01,1.727510643005371094e+01
4.600000000000000533e+00,3.798514175415039062e+01,1.709833335876464844e+01,3.842335510253906250e+01,1.743640327453613281e+01
4.639999999999999680e+00,3.823194122314453125e+01,1.730202484130859375e+01,3.861140441894531250e+01,1.760108375549316406e+01
4.679999999999999716e+00,3.847751235961914062e+01,1.750719451904296875e+01,3.880257034301757812e+01,1.776925468444824219e+01
4.719999999999999751e+00,3.872184753417968750e+01,1.771383285522460938e+01,3.899677276611328125e+01,1.794101142883300781e+01
4.759999999999999787e+00,3.896493911743164062e+01,1.792193412780761719e+01,3.919395446777343750e+01,1.811642265319824219e+01
4.799999999999999822e+00,3.920677947998046875e+01,1.813149070739746094e+01,3.939406967163085938e+01,1.829552078247070312e+01
4.839999999999999858e+00,3.944735717773437500e+01,1.834249305725097656e+01,3.959706115722656250e+01,1.847831916809082031e+01
4.879999999999999893e+00,3.968666458129882812e+01,1.855493545532226562e+01,3.980281448364257812e+01,1.866481399536132812e+01
4.919999999999999929e+00,3.992469406127929688e+01,1.876881027221679688e+01,4.001112747192382812e+01,1.885493469238281250e+01
4.959999999999999964e+00,4.016143417358398438e+01,1.898410987854003906e+01,4.022170639038085938e+01,1.904855346679687500e+01
5.000000000000000000e+00,4.039688110351562500e+01,1.920082473754882812e+01,4.043434906005859375e+01,1.924570274353027344e+01
5.040000000000000036e+00,4.063102340698242188e+01,1.941894912719726562e+01,4.064900588989257812e+01,1.944654655456542969e+01
5.080000000000000071e+00,4.086384963989257812e+01,1.963847351074218750e+01,4.086556625366210938e+01,1.965104675292968750e+01
5.120000000000000107e+00,4.109535598754882812e+01,1.985939216613769531e+01,4.108377456665039062e+01,1.985907936096191406e+01
5.160000000000000142e+00,4.132553100585937500e+01,2.008169555664062500e+01,4.130330276489257812e+01,2.007051467895507812e+01
5.200000000000000178e+00,4.155437088012695312e+01,2.030537605285644531e+01,4.152381515502929688e+01,2.028521919250488281e+01
5.240000000000000213e+00,4.178186416625976562e+01,2.053042602539062500e+01,4.174500656127929688e+01,2.050304603576660156e+01
5.280000000000000249e+00,4.200800323486328125e+01,2.075683593750000000e+01,4.196659851074218750e+01,2.072384452819824219e+01
5.320000000000000284e+00,4.223278045654296875e+01,2.098459815979003906e+01,4.218833923339843750e+01,2.094745254516601562e+01
5.360000000000000320e+00,4.245618438720703125e+01,2.121370506286621094e+01,4.240998840332031250e+01,2.117370223999023438e+01
5.400000000000000355e+00,4.267821121215820312e+01,2.144414901733398438e+01,4.263132858276367188e+01,2.140241813659667969e+01
5.440000000000000391e+00,4.289884948730468750e+01,2.167592048645019531e+01,4.285214996337890625e+01,2.163342285156250000e+01
5.480000000000000426e+00,4.311809539794921875e+01,2.190901184082031250e+01,4.307226181030273438e+01,2.186654090881347656e+01
5.520000000000000462e+00,4.333593750000000000e+01,2.214341545104980469e+01,4.329148864746093750e+01,2.210160446166992188e+01
5.560000000000000497e+00,4.355236816406250000e+01,2.237912178039550781e+01,4.350967788696289062e+01,2.233845520019531250e+01
5.600000000000000533e+00,4.376738357543945312e+01,2.261612129211425781e+01,4.372669601440429688e+01,2.257695198059082031e+01
5.639999999999999680e+00,4.398097229003906250e+01,2.285440635681152344e+01,4.394243240356445312e+01,2.281697082519531250e+01
5.679999999999999716e+00,4.419312667846679688e+01,2.309396934509277344e+01,4.415679168701171875e+01,2.305840301513671875e+01
5.719999999999999751e+00,4.440383911132812500e+01,2.333480072021484375e+01,4.436969757080078125e+01,2.330116081237792969e+01
5.759999999999999787e+00,4.461310195922851562e+01,2.357689285278320312e+01,4.458109283447265625e+01,2.354516792297363281e+01
5.799999999999999822e+00,4.482091140747070312e+01,2.382023620605468750e+01,4.479093170166015625e+01,2.379036712646484375e+01
5.839999999999999858e+00,4.502725601196289062e+01,2.406482124328613281e+01,4.499917984008789062e+01,2.403671455383300781e+01
5.879999999999999893e+00,4.523212814331054688e+01,2.431064033508300781e+01,4.520581436157226562e+01,2.428417396545410156e+01
5.919999999999999929e+00,4.543552398681640625e+01,2.455768394470214844e+01,4.541082000732421875e+01,2.453272056579589844e+01
5.959999999999999964e+00,4.563743209838867188e+01,2.480594253540039062e+01,4.561418914794921875e+01,2.478233909606933594e+01
6.000000000000000000e+00,4.583784866333007812e+01,2.505540847778320312e+01,4.581591415405273438e+01,2.503301620483398438e+01
6.040000000000000036e+00,4.603676223754882812e+01,2.530607223510742188e+01,4.601599502563476562e+01,2.528474617004394531e+01
6.080000000000000071e+00,4.623416900634765625e+01,2.555792617797851562e+01,4.621443557739257812e+01,2.553752517700195312e+01
6.120000000000000107e+00,4.643006134033203125e+01,2.581095886230468750e+01,4.641123580932617188e+01,2.579135322570800781e+01
6.160000000000000142e+00,4.662443161010742188e+01,2.606516265869140625e+01,4.660640335083007812e+01,2.604623031616210938e+01
6.200000000000000178e+00,4.681727600097656250e+01,2.632052803039550781e+01,4.679993820190429688e+01,2.630215835571289062e+01
6.240000000000000213e+00,4.700858306884765625e+01,2.657704544067382812e+01,4.699184799194335938e+01,2.655913925170898438e+01
6.280000000000000249e+00,4.719834899902343750e+01,2.683470726013183594e+01,4.718213272094726562e+01,2.681717300415039062e+01
6.320000000000000284e+00,4.738656234741210938e+01,2.709350204467773438e+01,4.737079620361328125e+01,2.707626152038574219e+01
6.360000000000000320e+00,4.757322311401367188e+01,2.735342216491699219e+01,4.755784225463867188e+01,2.733640670776367188e+01
6.400000000000000355e+00,4.775831985473632812e+01,2.761445808410644531e+01,4.774327468872070312e+01,2.759760665893554688e+01
6.440000000000000391e+00,4.794184494018554688e+01,2.787659835815429688e+01,4.792708969116210938e+01,2.785985946655273438e+01
6.480000000000000426e+00,4.812379455566406250e+01,2.813983535766601562e+01,4.810929107666015625e+01,2.812316513061523438e+01
6.520000000000000462e+00,4.830416107177734375e+01,2.840415954589843750e+01,4.828987503051757812e+01,2.838752174377441406e+01
6.560000000000000497e+00,4.848294067382812500e+01,2.866956138610839844e+01,4.846884155273437500e+01,2.865292358398437500e+01
6.600000000000000533e+00,4.866012191772460938e+01,2.893603134155273438e+01,4.864619064331054688e+01,2.891936874389648438e+01
6.640000000000000568e+00,4.883570480346679688e+01,2.920355987548828125e+01,4.882191848754882812e+01,2.918684959411621094e+01
6.679999999999999716e+00,4.900967788696289062e+01,2.947213745117187500e+01,4.899602508544921875e+01,2.945536231994628906e+01
6.719999999999999751e+00,4.918203735351562500e+01,2.974175262451171875e+01,4.916850280761718750e+01,2.972490119934082031e+01
6.759999999999999787e+00,4.935277557373046875e+01,3.001239776611328125e+01,4.933935165405273438e+01,2.999545860290527344e+01
6.799999999999999822e+00,4.952188491821289062e+01,3.028406333923339844e+01,4.950856399536132812e+01,3.026702690124511719e+01
6.839999999999999858e+00,4.968936157226562500e+01,3.055673789978027344e+01,4.967613983154296875e+01,3.053960037231445312e+01
6.879999999999999893e+00,4.985520172119140625e+01,3.083041191101074219e+01,4.984207153320312500e+01,3.081316947937011719e+01
6.919999999999999929e+00,5.001939392089843750e+01,3.110507583618164062e+01,5.000635528564453125e+01,3.108772659301757812e+01
6.959999999999999964e+00,5.018193435668945312e+01,3.138072013854980469e+01,5.016898727416992188e+01,3.136326217651367188e+01
7.000000000000000000e+00,5.034281921386718750e+01,3.165733528137207031e+01,5.032995986938476562e+01,3.163976669311523438e+01
7.040000000000000036e+00,5.050204086303710938e+01,3.193490982055664062e+01,5.048926925659179688e+01,3.191723251342773438e+01
7.080000000000000071e+00,5.065959548950195312e+01,3.221343612670898438e+01,5.064691162109375000e+01,3.219564819335937500e+01
7.120000000000000107e+00,5.081547546386718750e+01,3.249290084838867188e+01,5.080288314819335938e+01,3.247500610351562500e+01
7.160000000000000142e+00,5.096967697143554688e+01,3.277329635620117188e+01,5.095717620849609375e+01,3.275529861450195312e+01
7.200000000000000178e+00,5.112219238281250000e+01,3.305461120605468750e+01,5.110978317260742188e+01,3.303651046752929688e+01
7.240000000000000213e+00,5.127301788330078125e+01,3.333683776855468750e+01,5.126070022583007812e+01,3.331863403320312500e+01
7.280000000000000249e+00,5.142214584350585938e+01,3.361996459960937500e+01,5.140992355346679688e+01,3.360166168212890625e+01
7.320000000000000284e+00,5.156957244873046875e+01,3.390398025512695312e+01,5.155744552612304688e+01,3.388558197021484375e+01
7.360000000000000320e+00,5.171529388427734375e+01,3.418887710571289062e+01,5.170326232910156250e+01,3.417038345336914062e+01
7.400000000000000355e+00,5.185930252075195312e+01,3.447463989257812500e+01,5.184737014770507812e+01,3.445605850219726562e+01
7.440000000000000391e+00,5.200159454345703125e+01,3.476126480102539062e+01,5.198976135253906250e+01,3.474259185791015625e+01
7.480000000000000426e+00,5.214216232299804688e+01,3.504873657226562500e+01,5.213043212890625000e+01,3.502997589111328125e+01
7.520000000000000462e+00,5.228100585937500000e+01,3.533704757690429688e+01,5.226937866210937500e+01,3.531820297241210938e+01
7.560000000000000497e+00,5.241811370849609375e+01,3.562618637084960938e+01,5.240659332275390625e+01,3.560725784301757812e+01
7.600000000000000533e+00,5.255348587036132812e+01,3.591614151000976562e+01,5.254207229614257812e+01,3.589713287353515625e+01
7.640000000000000568e+00,5.268711471557617188e+01,3.620690536499023438e+01,5.267581176757812500e+01,3.618781661987304688e+01
7.679999999999999716e+00,5.281899642944335938e+01,3.649846649169921875e+01,5.280780410766601562e+01,3.647930145263671875e+01
7.719999999999999751e+00,5.294912719726562500e+01,3.679081344604492188e+01,5.293804550170898438e+01,3.677157211303710938e+01
7.759999999999999787e+00,5.307750320434570312e+01,3.708393478393554688e+01,5.306653213500976562e+01,3.706462097167968750e+01
7.799999999999999822e+00,5.320411682128906250e+01,3.737781906127929688e+01,5.319326019287109375e+01,3.735843658447265625e+01
7.839999999999999858e+00,5.332896423339843750e+01,3.767245864868164062e+01,5.331822204589843750e+01,3.765300750732421875e+01
7.879999999999999893e+00,5.345204162597656250e+01,3.796784210205078125e+01,5.344141387939453125e+01,3.794832229614257812e+01
7.919999999999999929e+00,5.357334518432617188e+01,3.826395797729492188e+01,5.356283187866210938e+01,3.824437332153320312e+01
7.959999999999999964e+00,5.369287109375000000e+01,3.856079864501953125e+01,5.368247222900390625e+01,3.854114913940429688e+01
8.000000000000000000e+00,5.381061172485351562e+01,3.885834884643554688e+01,5.380033111572265625e+01,3.883863830566406250e+01
8.040000000000000924e+00,5.392656707763671875e+01,3.915660095214843750e+01,5.391640090942382812e+01,3.913682937622070312e+01
8.080000000000000071e+00,5.404072952270507812e+01,3.945554351806640625e+01,5.403068161010742188e+01,3.943571090698242188e+01
8.120000000000000995e+00,5.415309524536132812e+01,3.975516510009765625e+01,5.414316558837890625e+01,3.973527145385742188e+01
8.160000000000000142e+00,5.426366424560546875e+01,4.005545806884765625e+01,5.425385284423828125e+01,4.003550338745117188e+01
8.199999999999999289e+00,5.437242889404296875e+01,4.035640716552734375e+01,5.436273574829101562e+01,4.033639144897460938e+01
8.240000000000000213e+00,5.447938537597656250e+01,4.065800476074218750e+01,5.446981048583984375e+01,4.063792800903320312e+01
8.279999999999999361e+00,5.458452987670898438e+01,4.096023941040039062e+01,5.457507705688476562e+01,4.094010162353515625e+01
8.320000000000000284e+00,5.468785858154296875e+01,4.126309585571289062e+01,5.467852783203125000e+01,4.124290466308593750e+01
8.359999999999999432e+00,5.478936767578125000e+01,4.156657028198242188e+01,5.478015899658203125e+01,4.154632186889648438e+01
8.400000000000000355e+00,5.488905334472656250e+01,4.187064743041992188e+01,5.487996673583984375e+01,4.185034179687500000e+01
8.439999999999999503e+00,5.498691558837890625e+01,4.217531585693359375e+01,5.497795104980468750e+01,4.215495681762695312e+01
8.480000000000000426e+00,5.508294677734375000e+01,4.248056793212890625e+01,5.507410430908203125e+01,4.246015548706054688e+01
8.519999999999999574e+00,5.517714309692382812e+01,4.278638839721679688e+01,5.516842651367187500e+01,4.276592254638671875e+01
8.560000000000000497e+00,5.526950454711914062e+01,4.309276962280273438e+01,5.526091003417968750e+01,4.307225036621093750e+01
8.599999999999999645e+00,5.536002731323242188e+01,4.339970016479492188e+01,5.535155487060546875e+01,4.337912750244140625e+01
8.640000000000000568e+00,5.544870758056640625e+01,4.370716857910156250e+01,5.544035720825195312e+01,4.368654632568359375e+01
8.679999999999999716e+00,5.553553771972656250e+01,4.401516342163085938e+01,5.552731323242187500e+01,4.399449157714843750e+01
8.720000000000000639e+00,5.562052154541015625e+01,4.432367324829101562e+01,5.561241912841796875e+01,4.430295181274414062e+01
8.759999999999999787e+00,5.570365142822265625e+01,4.463268661499023438e+01,5.569567489624023438e+01,4.461191940307617188e+01
8.800000000000000711e+00,5.578492736816406250e+01,4.494219207763671875e+01,5.577707290649414062e+01,4.492137908935546875e+01
8.839999999999999858e+00,5.586434173583984375e+01,4.525218200683593750e+01,5.585661315917968750e+01,4.523132324218750000e+01
8.880000000000000782e+00,5.594189453125000000e+01,4.556264114379882812e+01,5.593429183959960938e+01,4.554173660278320312e+01
8.919999999999999929e+00,5.601758575439453125e+01,4.587356185913085938e+01,5.601010894775390625e+01,4.585261154174804688e+01
8.960000000000000853e+00,5.609140777587890625e+01,4.618492889404296875e+01,5.608405685424804688e+01,4.616393661499023438e+01
9.000000000000000000e+00,5.616336059570312500e+01,4.649673461914062500e+01,5.615613555908203125e+01,4.647570037841796875e+01
9.040000000000000924e+00,5.623344039916992188e+01,4.680896759033203125e+01,5.622634506225585938e+01,4.678788757324218750e+01
9.080000000000000071e+00,5.630164718627929688e+01,4.712161254882812500e+01,5.629467773437500000e+01,4.710049057006835938e+01
9.120000000000000995e+00,5.636797714233398438e+01,4.743466186523437500e+01,5.636113357543945312e+01,4.741349792480468750e+01
9.160000000000000142e+00,5.643242645263671875e+01,4.774810409545898438e+01,5.642571258544921875e+01,4.772689819335937500e+01
9.200000000000001066e+00,5.649499511718750000e+01,4.806192779541015625e+01,5.648840713500976562e+01,4.804068374633789062e+01
9.240000000000000213e+00,5.655567932128906250e+01,4.837612152099609375e+01,5.654921722412109375e+01,4.835483932495117188e+01
9.279999999999999361e+00,5.661447906494140625e+01,4.869067382812500000e+01,5.660814285278320312e+01,4.866935348510742188e+01
9.320000000000000284e+00,5.667139053344726562e+01,4.900557327270507812e+01,5.666518020629882812e+01,4.898421478271484375e+01
9.359999999999999432e+00,5.672640991210937500e+01,4.932080841064453125e+01,5.672032928466796875e+01,4.929941177368164062e+01
9.400000000000000355e+00,5.677953720092773438e+01,4.963636779785156250e+01,5.677358627319335938e+01,4.961493682861328125e+01
9.439999999999999503e+00,5.683076858520507812e+01,4.995223999023437500e+01,5.682494735717773438e+01,4.993077468872070312e+01
9.480000000000000426e+00,5.688010406494140625e+01,5.026841354370117188e+01,5.687441253662109375e+01,5.024691390991210938e+01
9.519999999999999574e+00,5.692754364013671875e+01,5.058487701416015625e+01,5.692198181152343750e+01,5.056334304809570312e+01
9.560000000000000497e+00,5.697308349609375000e+01,5.090161895751953125e+01,5.696765136718750000e+01,5.088005447387695312e+01
9.599999999999999645e+00,5.701671981811523438e+01,5.121862792968750000e+01,5.701141738891601562e+01,5.119703292846679688e+01
9.640000000000000568e+00,5.705845642089843750e+01,5.153589630126953125e+01,5.705327987670898438e+01,5.151426696777343750e+01
9.679999999999999716e+00,5.709828567504882812e+01,5.185340881347656250e+01,5.709323883056640625e+01,5.183174896240234375e+01
9.720000000000000639e+00,5.713621139526367188e+01,5.217115402221679688e+01,5.713129425048828125e+01,5.214946365356445312e+01
9.759999999999999787e+00,5.717222976684570312e+01,5.248912048339843750e+01,5.716744232177734375e+01,5.246739959716796875e+01
9.800000000000000711e+00,5.720634078979492188e+01,5.280729675292968750e+01,5.720168304443359375e+01,5.278554916381835938e+01
9.839999999999999858e+00,5.723854064941406250e+01,5.312567138671875000e+01,5.723401260375976562e+01,5.310389709472656250e+01
9.880000000000000782e+00,5.726882934570312500e+01,5.344423294067382812e+01,5.726443099975585938e+01,5.342243194580078125e+01
9.919999999999999929e+00,5.729720687866210938e+01,5.376297378540039062e+01,5.729293823242187500e+01,5.374114608764648438e+01
9.960000000000000853e+00,5.732366943359375000e+01,5.408187866210937500e+01,5.731953430175781250e+01,5.406002426147460938e+01
1.000000000000000000e+01,5.734822082519531250e+01,5.440093612670898438e+01,5.734421539306640625e+01,5.437905502319335938e+01
1.004000000000000092e+01,5.737085723876953125e+01,5.472013473510742188e+01,5.736698150634765625e+01,5.469823074340820312e+01
1.008000000000000007e+01,5.739157485961914062e+01,5.503946304321289062e+01,5.738783264160156250e+01,5.501753616333007812e+01
1.012000000000000099e+01,5.741037750244140625e+01,5.535890960693359375e+01,5.740676879882812500e+01,5.533695983886718750e+01
1.016000000000000014e+01,5.742726516723632812e+01,5.567846298217773438e+01,5.742378616333007812e+01,5.565649414062500000e+01
1.020000000000000107e+01,5.744223403930664062e+01,5.599811172485351562e+01,5.743888854980468750e+01,5.597612380981445312e+01
1.024000000000000021e+01,5.745528411865234375e+01,5.631784439086914062e+01,5.745207214355468750e+01,5.629583740234375000e+01
1.027999999999999936e+01,5.746641540527343750e+01,5.663764953613281250e+01,5.746333694458007812e+01,5.661562347412109375e+01
1.032000000000000028e+01,5.747562789916992188e+01,5.695751571655273438e+01,5.747268295288085938e+01,5.693547439575195312e+01
1.035999999999999943e+01,5.748292160034179688e+01,5.727743148803710938e+01,5.748011016845703125e+01,5.725537490844726562e+01
1.040000000000000036e+01,5.748829650878906250e+01,5.759738540649414062e+01,5.748561477661132812e+01,5.757531356811523438e+01
1.043999999999999950e+01,5.749174880981445312e+01,5.791736602783203125e+01,5.748920059204101562e+01,5.789527893066406250e+01
1.048000000000000043e+01,5.749328231811523438e+01,5.823736190795898438e+01,5.749086761474609375e+01,5.821525955200195312e+01
1.051999999999999957e+01,5.749289703369140625e+01,5.855736160278320312e+01,5.749061584472656250e+01,5.853524398803710938e+01
1.056000000000000050e+01,5.749058914184570312e+01,5.887735366821289062e+01,5.748844146728515625e+01,5.885522079467773438e+01
1.059999999999999964e+01,5.748636245727539062e+01,5.919732666015625000e+01,5.748434829711914062e+01,5.917517852783203125e+01
1.064000000000000057e+01,5.748021697998046875e+01,5.951726913452148438e+01,5.747833633422851562e+01,5.949510574340820312e+01
1.067999999999999972e+01,5.747215270996093750e+01,5.983716583251953125e+01,5.747040176391601562e+01,5.981499481201171875e+01
1.072000000000000064e+01,5.746216964721679688e+01,6.015700912475585938e+01,5.746054840087890625e+01,6.013483047485351562e+01
1.075999999999999979e+01,5.745026779174804688e+01,6.047678756713867188e+01,5.744877624511718750e+01,6.045460128784179688e+01
1.080000000000000071e+01,5.743644714355468750e+01,6.079648971557617188e+01,5.743508911132812500e+01,6.077429580688476562e+01
1.083999999999999986e+01,5.742070770263671875e+01,6.111610412597656250e+01,5.741948318481445312e+01,6.109390258789062500e+01
1.088000000000000078e+01,5.740304946899414062e+01,6.143561553955078125e+01,5.740195846557617188e+01,6.141340637207031250e+01
1.091999999999999993e+01,5.738347625732421875e+01,6.175501632690429688e+01,5.738251876831054688e+01,6.173279953002929688e+01
1.096000000000000085e+01,5.736198425292968750e+01,6.207429504394531250e+01,5.736116409301757812e+01,6.205207061767578125e+01
1.100000000000000000e+01,5.733857727050781250e+01,6.239343643188476562e+01,5.733789443969726562e+01,6.237120819091796875e+01
1.104000000000000092e+01,5.731325912475585938e+01,6.271243286132812500e+01,5.731270980834960938e+01,6.269020080566406250e+01
1.108000000000000007e+01,5.728602600097656250e+01,6.303127288818359375e+01,5.728561019897460938e+01,6.300903701782226562e+01
1.112000000000000099e+01,5.725688171386718750e+01,6.334994125366210938e+01,5.725659561157226562e+01,6.332770538330078125e+01
1.116000000000000014e+01,5.722582244873046875e+01,6.366843032836914062e+01,5.722566986083984375e+01,6.364619445800781250e+01
1.120000000000000107e+01,5.719285583496093750e+01,6.398672866821289062e+01,5.719283676147460938e+01,6.396449279785156250e+01
1.124000000000000021e+01,5.715797805786132812e+01,6.430482482910156250e+01,5.715809249877929688e+01,6.428258514404296875e+01
1.127999999999999936e+01,5.712119293212890625e+01,6.462270355224609375e+01,5.712144088745117188e+01,6.460046386718750000e+01
1.132000000000000028e+01,5.708250045776367188e+01,6.494035339355468750e+01,5.708288192749023438e+01,6.491812133789062500e+01
1.135999999999999943e+01,5.704190444946289062e+01,6.525776672363281250e+01,5.704241943359375000e+01,6.523553466796875000e+01
1.140000000000000036e+01,5.699940490722656250e+01,6.557492828369140625e+01,5.700005340576171875e+01,6.555270385742187500e+01
1.143999999999999950e+01,5.695500183105468750e+01,6.589183044433593750e+01,5.695578384399414062e+01,6.586961364746093750e+01
1.148000000000000043e+01,5.690869903564453125e+01,6.620846557617187500e+01,5.690961456298828125e+01,6.618624877929687500e+01
1.151999999999999957e+01,5.686049652099609375e+01,6.652481079101562500e+01,5.686154556274414062e+01,6.650260162353515625e+01
1.156000000000000050e+01,5.681039810180664062e+01,6.684086608886718750e+01,5.681158065795898438e+01,6.681866455078125000e+01
1.159999999999999964e+01,5.675840377807617188e+01,6.715661621093750000e+01,5.675971984863281250e+01,6.713442230224609375e+01
1.164000000000000057e+01,5.670451354980468750e+01,6.747204589843750000e+01,5.670596313476562500e+01,6.744985961914062500e+01
1.167999999999999972e+01,5.664873504638671875e+01,6.778714752197265625e+01,5.665031433105468750e+01,6.776496887207031250e+01
1.172000000000000064e+01,5.659106445312500000e+01,6.810190582275390625e+01,5.659277725219726562e+01,6.807974243164062500e+01
1.175999999999999979e+01,5.653150558471679688e+01,6.841631317138671875e+01,5.653335189819335938e+01,6.839416503906250000e+01
1.180000000000000071e+01,5.647006225585937500e+01,6.873036193847656250e+01,5.647204208374023438e+01,6.870822143554687500e+01
1.183999999999999986e+01,5.640673828125000000e+01,6.904403686523437500e+01,5.640884780883789062e+01,6.902190399169921875e+01
1.188000000000000078e+01,5.634152984619140625e+01,6.935732269287109375e+01,5.634377288818359375e+01,6.933520507812500000e+01
1.191999999999999993e+01,5.627444458007812500e+01,6.967021179199218750e+01,5.627682113647460938e+01,6.964810943603515625e+01
1.196000000000000085e+01,5.620548248291015625e+01,6.998269653320312500e+01,5.620799255371093750e+01,6.996060180664062500e+01
1.200000000000000000e+01,5.613464736938476562e+01,7.029476165771484375e+01,5.613729095458984375e+01,7.027267456054687500e+01
1.204000000000000092e+01,5.606194305419921875e+01,7.060639190673828125e+01,5.606471633911132812e+01,7.058432006835937500e+01
1.208000000000000007e+01,5.598736953735351562e+01,7.091757965087890625e+01,5.599027252197265625e+01,7.089552307128906250e+01
1.212000000000000099e+01,5.591093063354492188e+01,7.122831726074218750e+01,5.591396331787109375e+01,7.120627593994140625e+01
1.216000000000000014e+01,5.583262634277343750e+01,7.153858947753906250e+01,5.583579254150390625e+01,7.151656341552734375e+01
1.220000000000000107e+01,5.575246429443359375e+01,7.184838867187500000e+01,5.575576019287109375e+01,7.182637786865234375e+01
1.224000000000000021e+01,5.567044448852539062e+01,7.215769958496093750e+01,5.567387390136718750e+01,7.213571166992187500e+01
1.228000000000000114e+01,5.558657073974609375e+01,7.246651458740234375e+01,5.559012985229492188e+01,7.244454956054687500e+01
1.232000000000000028e+01,5.550084304809570312e+01,7.277481842041015625e+01,5.550453567504882812e+01,7.275287628173828125e+01
1.235999999999999943e+01,5.541326904296875000e+01,7.308260345458984375e+01,5.541709518432617188e+01,7.306068420410156250e+01
1.240000000000000036e+01,5.532384872436523438e+01,7.338985443115234375e+01,5.532780838012695312e+01,7.336795806884765625e+01
1.243999999999999950e+01,5.523258590698242188e+01,7.369656372070312500e+01,5.523667907714843750e+01,7.367469024658203125e+01
1.248000000000000043e+01,5.513948440551757812e+01,7.400272369384765625e+01,5.514371109008789062e+01,7.398087310791015625e+01
1.251999999999999957e+01,5.504454803466796875e+01,7.430831909179687500e+01,5.504890823364257812e+01,7.428649139404296875e+01
1.256000000000000050e+01,5.494778060913085938e+01,7.461333465576171875e+01,5.495227050781250000e+01,7.459153747558593750e+01
1.259999999999999964e+01,5.484918594360351562e+01,7.491777038574218750e+01,5.485380554199218750e+01,7.489599609375000000e+01
1.264000000000000057e+01,5.474876403808593750e+01,7.522160339355468750e+01,5.475351333618164062e+01,7.519985961914062500e+01
1.267999999999999972e+01,5.464652252197265625e+01,7.552483367919921875e+01,5.465140151977539062e+01,7.550312042236328125e+01
1.272000000000000064e+01,5.454246139526367188e+01,7.582743835449218750e+01,5.454747390747070312e+01,7.580576324462890625e+01
1.275999999999999979e+01,5.443658828735351562e+01,7.612941741943359375e+01,5.444173049926757812e+01,7.610777282714843750e+01
1.280000000000000071e+01,5.432890319824218750e+01,7.643075561523437500e+01,5.433417510986328125e+01,7.640914154052734375e+01
1.283999999999999986e+01,5.421941375732421875e+01,7.673144531250000000e+01,5.422481536865234375e+01,7.670986175537109375e+01
1.288000000000000078e+01,5.410812377929687500e+01,7.703147125244140625e+01,5.411365127563476562e+01,7.700991821289062500e+01
1.291999999999999993e+01,5.399503326416015625e+01,7.733081817626953125e+01,5.400069046020507812e+01,7.730930328369140625e+01
1.296000000000000085e+01,5.388014984130859375e+01,7.762948608398437500e+01,5.388593673706054688e+01,7.760800170898437500e+01
1.300000000000000000e+01,5.376347732543945312e+01,7.792745971679687500e+01,5.376939010620117188e+01,7.790600585937500000e+01
1.304000000000000092e+01,5.364501953125000000e+01,7.822472381591796875e+01,5.365105819702148438e+01,7.820330810546875000e+01
1.308000000000000007e+01,5.352478027343750000e+01,7.852127075195312500e+01,5.353094482421875000e+01,7.849989318847656250e+01
1.312000000000000099e+01,5.340276336669921875e+01,7.881709289550781250e+01,5.340905380249023438e+01,7.879575347900390625e+01
1.316000000000000014e+01,5.327897262573242188e+01,7.911218261718750000e+01,5.328539276123046875e+01,7.909088134765625000e+01
1.320000000000000107e+01,5.315341186523437500e+01,7.940651702880859375e+01,5.315996170043945312e+01,7.938526153564453125e+01
1.324000000000000021e+01,5.302608871459960938e+01,7.970009613037109375e+01,5.303276824951171875e+01,7.967887878417968750e+01
1.328000000000000114e+01,5.289700698852539062e+01,7.999290466308593750e+01,5.290381240844726562e+01,7.997173309326171875e+01
1.332000000000000028e+01,5.276617050170898438e+01,8.028493499755859375e+01,5.277310180664062500e+01,8.026380920410156250e+01
1.335999999999999943e+01,5.263358306884765625e+01,8.057617187500000000e+01,5.264064407348632812e+01,8.055509185791015625e+01
1.340000000000000036e+01,5.249925231933593750e+01,8.086660766601562500e+01,5.250643920898437500e+01,8.084557342529296875e+01
1.343999999999999950e+01,5.236318206787109375e+01,8.115623474121093750e+01,5.237049484252929688e+01,8.113524627685546875e+01
1.348000000000000043e+01,5.222537612915039062e+01,8.144503784179687500e+01,5.223281478881835938e+01,8.142409515380859375e+01
1.351999999999999957e+01,5.208583831787109375e+01,8.173300933837890625e+01,5.209340286254882812e+01,8.171211242675781250e+01
1.356000000000000050e+01,5.194457626342773438e+01,8.202014160156250000e+01,5.195226669311523438e+01,8.199929046630859375e+01
1.359999999999999964e+01,5.180159378051757812e+01,8.230641937255859375e+01,5.180941009521484375e+01,8.228561401367187500e+01
1.364000000000000057e+01,5.165689468383789062e+01,8.259183502197265625e+01,5.166483688354492188e+01,8.257107543945312500e+01
1.367999999999999972e+01,5.151048660278320312e+01,8.287638092041015625e+01,5.151855468750000000e+01,8.285566711425781250e+01
1.372000000000000064e+01,5.136237335205078125e+01,8.316004180908203125e+01,5.137056732177734375e+01,8.313937377929687500e+01
1.375999999999999979e+01,5.121256256103515625e+01,8.344281005859375000e+01,5.122087860107421875e+01,8.342218780517578125e+01
1.380000000000000071e+01,5.106105804443359375e+01,8.372467041015625000e+01,5.106949615478515625e+01,8.370410156250000000e+01
1.383999999999999986e+01,5.090786361694335938e+01,8.400561523437500000e+01,5.091642379760742188e+01,8.398509979248046875e+01
1.388000000000000078e+01,5.075298690795898438e+01,8.428563690185546875e+01,5.076166915893554688e+01,8.426517486572265625e+01
1.391999999999999993e+01,5.059643173217773438e+01,8.456472778320312500e+01,5.060523605346679688e+01,8.454431915283203125e+01
1.396000000000000085e+01,5.043820571899414062e+01,8.484287261962890625e+01,5.044713211059570312e+01,8.482251739501953125e+01
1.400000000000000000e+01,5.027831268310546875e+01,8.512006378173828125e+01,5.028736114501953125e+01,8.509976196289062500e+01
1.404000000000000092e+01,5.011676025390625000e+01,8.539628601074218750e+01,5.012593078613281250e+01,8.537603759765625000e+01
1.408000000000000007e+01,4.995355224609375000e+01,8.567153930664062500e+01,4.996284484863281250e+01,8.565134429931640625e+01
1.412000000000000099e+01,4.978869628906250000e+01,8.594580841064453125e+01,4.979811096191406250e+01,8.592566680908203125e+01
1.416000000000000014e+01,4.962219619750976562e+01,8.621907806396484375e+01,4.963173294067382812e+01,8.619899749755859375e+01
1.420000000000000107e+01,4.945405960083007812e+01,8.649134826660156250e+01,4.946371841430664062e+01,8.647132110595703125e+01
1.424000000000000021e+01,4.928429412841796875e+01,8.676260375976562500e+01,4.929407119750976562e+01,8.674263763427734375e+01
1.428000000000000114e+01,4.911290359497070312e+01,8.703283691406250000e+01,4.912279891967773438e+01,8.701292419433593750e+01
1.432000000000000028e+01,4.893989562988281250e+01,8.730203247070312500e+01,4.894990921020507812e+01,8.728218078613281250e+01
1.435999999999999943e+01,4.876527404785156250e+01,8.757019042968750000e+01,4.877540588378906250e+01,8.755039978027343750e+01
1.440000000000000036e+01,4.858904647827148438e+01,8.783729553222656250e+01,4.859929656982421875e+01,8.781756591796875000e+01
1.443999999999999950e+01,4.841122055053710938e+01,8.810334014892578125e+01,4.842158889770507812e+01,8.808367156982421875e+01
1.448000000000000043e+01,4.823180007934570312e+01,8.836830902099609375e+01,4.824228668212890625e+01,8.834870147705078125e+01
1.451999999999999957e+01,4.805079650878906250e+01,8.863219451904296875e+01,4.806139755249023438e+01,8.861265563964843750e+01
1.456000000000000050e+01,4.786820983886718750e+01,8.889498901367187500e+01,4.787892913818359375e+01,8.887551879882812500e+01
1.459999999999999964e+01,4.768405151367187500e+01,8.915668487548828125e+01,4.769488906860351562e+01,8.913728332519531250e+01
1.464000000000000057e+01,4.749832534790039062e+01,8.941727447509765625e+01,4.750928115844726562e+01,8.939793395996093750e+01
1.467999999999999972e+01,4.731103897094726562e+01,8.967674255371093750e+01,4.732210922241210938e+01,8.965747070312500000e+01
1.472000000000000064e+01,4.712220001220703125e+01,8.993508148193359375e+01,4.713338470458984375e+01,8.991587829589843750e+01
1.475999999999999979e+01,4.693181228637695312e+01,9.019228363037109375e+01,4.694311523437500000e+01,9.017314910888671875e+01
1.480000000000000071e+01,4.673988723754882812e+01,9.044834136962890625e+01,4.675130462646484375e+01,9.042926788330078125e+01
1.483999999999999986e+01,4.654642868041992188e+01,9.070323944091796875e+01,4.655796051025390625e+01,9.068423461914062500e+01
1.488000000000000078e+01,4.635144424438476562e+01,9.095697021484375000e+01,4.636309051513671875e+01,9.093803405761718750e+01
1.491999999999999993e+01,4.615494155883789062e+01,9.120953369140625000e+01,4.616669845581054688e+01,9.119066619873046875e+01
1.496000000000000085e+01,4.595692443847656250e+01,9.146090698242187500e+01,4.596879577636718750e+01,9.144210815429687500e+01
1.500000000000000000e+01,4.575740432739257812e+01,9.171109008789062500e+01,4.576939010620117188e+01,9.169235992431640625e+01
1.504000000000000092e+01,4.555638504028320312e+01,9.196007537841796875e+01,4.556848526000976562e+01,9.194141387939453125e+01
1.508000000000000007e+01,4.535387802124023438e+01,9.220784759521484375e+01,4.536608886718750000e+01,9.218925476074218750e+01
1.512000000000000099e+01,4.514988708496093750e+01,9.245439910888671875e+01,4.516220855712890625e+01,9.243588256835937500e+01
1.516000000000000014e+01,4.494441986083984375e+01,9.269972229003906250e+01,4.495685195922851562e+01,9.268128204345703125e+01
1.520000000000000107e+01,4.473748397827148438e+01,9.294380950927734375e+01,4.475002670288085938e+01,9.292544555664062500e+01
1.524000000000000021e+01,4.452908706665039062e+01,9.318665313720703125e+01,4.454174041748046875e+01,9.316835784912109375e+01
1.528000000000000114e+01,4.431923675537109375e+01,9.342823791503906250e+01,4.433200073242187500e+01,9.341001892089843750e+01
1.532000000000000028e+01,4.410794067382812500e+01,9.366855621337890625e+01,4.412081527709960938e+01,9.365042114257812500e+01
1.535999999999999943e+01,4.389520645141601562e+01,9.390760803222656250e+01,4.390819168090820312e+01,9.388954925537109375e+01
1.540000000000000036e+01,4.368104171752929688e+01,9.414537811279296875e+01,4.369413757324218750e+01,9.412739562988281250e+01
1.543999999999999950e+01,4.346545410156250000e+01,9.438185882568359375e+01,4.347866058349609375e+01,9.436395263671875000e+01
1.548000000000000043e+01,4.324845504760742188e+01,9.461704254150390625e+01,4.326176452636718750e+01,9.459921264648437500e+01
1.551999999999999957e+01,4.303004837036132812e+01,9.485092163085937500e+01,4.304346084594726562e+01,9.483316802978515625e+01
1.556000000000000050e+01,4.281024169921875000e+01,9.508348083496093750e+01,4.282376098632812500e+01,9.506581115722656250e+01
1.559999999999999964e+01,4.258904266357421875e+01,9.531472015380859375e+01,4.260266876220703125e+01,9.529713439941406250e+01
1.564000000000000057e+01,4.236645889282226562e+01,9.554462432861328125e+01,4.238019180297851562e+01,9.552712249755859375e+01
1.567999999999999972e+01,4.214250183105468750e+01,9.577319335937500000e+01,4.215633773803710938e+01,9.575577545166015625e+01
1.572000000000000064e+01,4.191717529296875000e+01,9.600041198730468750e+01,4.193111801147460938e+01,9.598307800292968750e+01
1.575999999999999979e+01,4.169049072265625000e+01,9.622627258300781250e+01,4.170453643798828125e+01,9.620902252197265625e+01
1.580000000000000071e+01,4.146245574951171875e+01,9.645077514648437500e+01,4.147660446166992188e+01,9.643360900878906250e+01
1.583999999999999986e+01,4.123307800292968750e+01,9.667390441894531250e+01,4.124732971191406250e+01,9.665682220458984375e+01
1.588000000000000078e+01,4.100236511230468750e+01,9.689565277099609375e+01,4.101671981811523438e+01,9.687865447998046875e+01
1.591999999999999993e+01,4.077032470703125000e+01,9.711601257324218750e+01,4.078478240966796875e+01,9.709909820556640625e+01
1.596000000000000085e+01,4.053696823120117188e+01,9.733497619628906250e+01,4.055152511596679688e+01,9.731814575195312500e+01
1.600000000000000000e+01,4.030230331420898438e+01,9.755253601074218750e+01,4.031695938110351562e+01,9.753578948974609375e+01
1.603999999999999915e+01,4.006633377075195312e+01,9.776868438720703125e+01,4.008109283447265625e+01,9.775202178955078125e+01
1.608000000000000185e+01,3.982907485961914062e+01,9.798341369628906250e+01,3.984393310546875000e+01,9.796683502197265625e+01
1.612000000000000099e+01,3.959053039550781250e+01,9.819671630859375000e+01,3.960548782348632812e+01,9.818022155761718750e+01
1.616000000000000014e+01,3.935071182250976562e+01,9.840857696533203125e+01,3.936576461791992188e+01,9.839217376708984375e+01
1.619999999999999929e+01,3.910962677001953125e+01,9.861899566650390625e+01,3.912477493286132812e+01,9.860269165039062500e+01
1.624000000000000199e+01,3.886728286743164062e+01,9.882796478271484375e+01,3.888252639770507812e+01,9.881175994873046875e+01
1.628000000000000114e+01,3.862368774414062500e+01,9.903547668457031250e+01,3.863903045654296875e+01,9.901936340332031250e+01
1.632000000000000028e+01,3.837885284423828125e+01,9.924152374267578125e+01,3.839429092407226562e+01,9.922550201416015625e+01
1.635999999999999943e+01,3.813278579711914062e+01,9.944609832763671875e+01,3.814831924438476562e+01,9.943016815185546875e+01
1.639999999999999858e+01,3.788549423217773438e+01,9.964919281005859375e+01,3.790112304687500000e+01,9.963336181640625000e+01
1.644000000000000128e+01,3.763698959350585938e+01,9.985079956054687500e+01,3.765271377563476562e+01,9.983506774902343750e+01
1.648000000000000043e+01,3.738727951049804688e+01,1.000509109497070312e+02,3.740309906005859375e+01,1.000352783203125000e+02
1.651999999999999957e+01,3.713637542724609375e+01,1.002495193481445312e+02,3.715228652954101562e+01,1.002339859008789062e+02
1.655999999999999872e+01,3.688428115844726562e+01,1.004466247558593750e+02,3.690028762817382812e+01,1.004311828613281250e+02
1.660000000000000142e+01,3.663101196289062500e+01,1.006422119140625000e+02,3.664710998535156250e+01,1.006268615722656250e+02
1.664000000000000057e+01,3.637657165527343750e+01,1.008362731933593750e+02,3.639276123046875000e+01,1.008210220336914062e+02
1.667999999999999972e+01,3.612097167968750000e+01,1.010288085937500000e+02,3.613725280761718750e+01,1.010136489868164062e+02
1.671999999999999886e+01,3.586421966552734375e+01,1.012198028564453125e+02,3.588059234619140625e+01,1.012047424316406250e+02
1.676000000000000156e+01,3.560632705688476562e+01,1.014092559814453125e+02,3.562279129028320312e+01,1.013942947387695312e+02
1.680000000000000071e+01,3.534730529785156250e+01,1.015971603393554688e+02,3.536385726928710938e+01,1.015822982788085938e+02
1.683999999999999986e+01,3.508715820312500000e+01,1.017835006713867188e+02,3.510379791259765625e+01,1.017687377929687500e+02
1.687999999999999901e+01,3.482589721679687500e+01,1.019682769775390625e+02,3.484262466430664062e+01,1.019536209106445312e+02
1.692000000000000171e+01,3.456353378295898438e+01,1.021514816284179688e+02,3.458034896850585938e+01,1.021369323730468750e+02
1.696000000000000085e+01,3.430007553100585938e+01,1.023331146240234375e+02,3.431697845458984375e+01,1.023186645507812500e+02
1.700000000000000000e+01,3.403553390502929688e+01,1.025131607055664062e+02,3.405252075195312500e+01,1.024988098144531250e+02
1.703999999999999915e+01,3.376991653442382812e+01,1.026916198730468750e+02,3.378698730468750000e+01,1.026773681640625000e+02
1.708000000000000185e+01,3.350323104858398438e+01,1.028684768676757812e+02,3.352038574218750000e+01,1.028543319702148438e+02
1.712000000000000099e+01,3.323548889160156250e+01,1.030437316894531250e+02,3.325272750854492188e+01,1.030296936035156250e+02
1.716000000000000014e+01,3.296670150756835938e+01,1.032173767089843750e+02,3.298402404785156250e+01,1.032034454345703125e+02
1.719999999999999929e+01,3.269687652587890625e+01,1.033894042968750000e+02,3.271428298950195312e+01,1.033755798339843750e+02
1.724000000000000199e+01,3.242602539062500000e+01,1.035598144531250000e+02,3.244351196289062500e+01,1.035460891723632812e+02
1.728000000000000114e+01,3.215415573120117188e+01,1.037285919189453125e+02,3.217172241210937500e+01,1.037149734497070312e+02
1.732000000000000028e+01,3.188127899169921875e+01,1.038957366943359375e+02,3.189892578125000000e+01,1.038822250366210938e+02
1.735999999999999943e+01,3.160740280151367188e+01,1.040612411499023438e+02,3.162513160705566406e+01,1.040478363037109375e+02
1.740000000000000213e+01,3.133253860473632812e+01,1.042250976562500000e+02,3.135034751892089844e+01,1.042117996215820312e+02
1.744000000000000128e+01,3.105669593811035156e+01,1.043873062133789062e+02,3.107458496093750000e+01,1.043741149902343750e+02
1.748000000000000043e+01,3.077988624572753906e+01,1.045478591918945312e+02,3.079785346984863281e+01,1.045347671508789062e+02
1.751999999999999957e+01,3.050211715698242188e+01,1.047067413330078125e+02,3.052016258239746094e+01,1.046937561035156250e+02
1.755999999999999872e+01,3.022340011596679688e+01,1.048639602661132812e+02,3.024152374267578125e+01,1.048510818481445312e+02
1.760000000000000142e+01,2.994374465942382812e+01,1.050195007324218750e+02,2.996194648742675781e+01,1.050067291259765625e+02
1.764000000000000057e+01,2.966316223144531250e+01,1.051733627319335938e+02,2.968144035339355469e+01,1.051606979370117188e+02
1.767999999999999972e+01,2.938166046142578125e+01,1.053255386352539062e+02,2.940001487731933594e+01,1.053129806518554688e+02
1.771999999999999886e+01,2.909925079345703125e+01,1.054760208129882812e+02,2.911768150329589844e+01,1.054635696411132812e+02
1.776000000000000156e+01,2.881594276428222656e+01,1.056248092651367188e+02,2.883444976806640625e+01,1.056124649047851562e+02
1.780000000000000071e+01,2.853174781799316406e+01,1.057718887329101562e+02,2.855032920837402344e+01,1.057596588134765625e+02
1.783999999999999986e+01,2.824667549133300781e+01,1.059172668457031250e+02,2.826533126831054688e+01,1.059051437377929688e+02
1.787999999999999901e+01,2.796073532104492188e+01,1.060609283447265625e+02,2.797946548461914062e+01,1.060489196777343750e+02
1.792000000000000171e+01,2.767393875122070312e+01,1.062028732299804688e+02,2.769274139404296875e+01,1.061909790039062500e+02
1.796000000000000085e+01,2.738629531860351562e+01,1.063430938720703125e+02,2.740517044067382812e+01,1.063313140869140625e+02
1.800000000000000000e+01,2.709781646728515625e+01,1.064815826416015625e+02,2.711676216125488281e+01,1.064699172973632812e+02
1.803999999999999915e+01,2.680851173400878906e+01,1.066183395385742188e+02,2.682752799987792969e+01,1.066067886352539062e+02
1.808000000000000185e+01,2.651839256286621094e+01,1.067533569335937500e+02,2.653747749328613281e+01,1.067419281005859375e+02
1.812000000000000099e+01,2.622746849060058594e+01,1.068866348266601562e+02,2.624662017822265625e+01,1.068753204345703125e+02
1.816000000000000014e+01,2.593574905395507812e+01,1.070181655883789062e+02,2.595496749877929688e+01,1.070069656372070312e+02
1.819999999999999929e+01,2.564324569702148438e+01,1.071479415893554688e+02,2.566253089904785156e+01,1.071368560791015625e+02
1.824000000000000199e+01,2.534996986389160156e+01,1.072759628295898438e+02,2.536931991577148438e+01,1.072649917602539062e+02
1.828000000000000114e+01,2.505593109130859375e+01,1.074022216796875000e+02,2.507534599304199219e+01,1.073913650512695312e+02
1.832000000000000028e+01,2.476113891601562500e+01,1.075267105102539062e+02,2.478061866760253906e+01,1.075159759521484375e+02
1.835999999999999943e+01,2.446560478210449219e+01,1.076494293212890625e+02,2.448514938354492188e+01,1.076388168334960938e+02
1.840000000000000213e+01,2.416934013366699219e+01,1.077703704833984375e+02,2.418894767761230469e+01,1.077598800659179688e+02
1.844000000000000128e+01,2.387235641479492188e+01,1.078895339965820312e+02,2.389202499389648438e+01,1.078791656494140625e+02
1.848000000000000043e+01,2.357466125488281250e+01,1.080069122314453125e+02,2.359439277648925781e+01,1.079966659545898438e+02
1.851999999999999957e+01,2.327626800537109375e+01,1.081225051879882812e+02,2.329606056213378906e+01,1.081123733520507812e+02
1.855999999999999872e+01,2.297718620300292969e+01,1.082363052368164062e+02,2.299703979492187500e+01,1.082262878417968750e+02
1.860000000000000142e+01,2.267742729187011719e+01,1.083483047485351562e+02,2.269734001159667969e+01,1.083384094238281250e+02
1.864000000000000057e+01,2.237700271606445312e+01,1.084585037231445312e+02,2.239697265625000000e+01,1.084487304687500000e+02
1.867999999999999972e+01,2.207592201232910156e+01,1.085669021606445312e+02,2.209594917297363281e+01,1.085572433471679688e+02
1.871999999999999886e+01,2.177419662475585938e+01,1.086734924316406250e+02,2.179428100585937500e+01,1.086639480590820312e+02
1.876000000000000156e+01,2.147183609008789062e+01,1.087782669067382812e+02,2.149197769165039062e+01,1.087688446044921875e+02
1.880000000000000071e+01,2.116885185241699219e+01,1.088812255859375000e+02,2.118905067443847656e+01,1.088719253540039062e+02
1.883999999999999986e+01,2.086525535583496094e+01,1.089823684692382812e+02,2.088550949096679688e+01,1.089731903076171875e+02
1.887999999999999901e+01,2.056105804443359375e+01,1.090816879272460938e+02,2.058136749267578125e+01,1.090726318359375000e+02
1.892000000000000171e+01,2.025627136230468750e+01,1.091791763305664062e+02,2.027663421630859375e+01,1.091702423095703125e+02
1.896000000000000085e+01,1.995090484619140625e+01,1.092748336791992188e+02,1.997132110595703125e+01,1.092660217285156250e+02
1.900000000000000000e+01,1.964496994018554688e+01,1.093686599731445312e+02,1.966543769836425781e+01,1.093599700927734375e+02
1.903999999999999915e+01,1.933847618103027344e+01,1.094606475830078125e+02,1.935899734497070312e+01,1.094520797729492188e+02
1.908000000000000185e+01,1.903143692016601562e+01,1.095507965087890625e+02,1.905200958251953125e+01,1.095423507690429688e+02
1.912000000000000099e+01,1.872386169433593750e+01,1.096390991210937500e+02,1.874448585510253906e+01,1.096307754516601562e+02
1.916000000000000014e+01,1.841576194763183594e+01,1.097255554199218750e+02,1.843643569946289062e+01,1.097173538208007812e+02
1.919999999999999929e+01,1.810714912414550781e+01,1.098101654052734375e+02,1.812787246704101562e+01,1.098020858764648438e+02
1.924000000000000199e+01,1.779803466796875000e+01,1.098929214477539062e+02,1.781880569458007812e+01,1.098849639892578125e+02
1.928000000000000114e+01,1.748843002319335938e+01,1.099738235473632812e+02,1.750924873352050781e+01,1.099659881591796875e+02
1.932000000000000028e+01,1.717834472656250000e+01,1.100528640747070312e+02,1.719921112060546875e+01,1.100451507568359375e+02
1.935999999999999943e+01,1.686779022216796875e+01,1.101300430297851562e+02,1.688870239257812500e+01,1.101224517822265625e+02
1.940000000000000213e+01,1.655677986145019531e+01,1.102053527832031250e+02,1.657773590087890625e+01,1.101978912353515625e+02
1.944000000000000128e+01,1.624532318115234375e+01,1.102788009643554688e+02,1.626632308959960938e+01,1.102714614868164062e+02
1.948000000000000043e+01,1.593343067169189453e+01,1.103503723144531250e+02,1.595447444915771484e+01,1.103431625366210938e+02
1.951999999999999957e+01,1.562111377716064453e+01,1.104200744628906250e+02,1.564220142364501953e+01,1.104129943847656250e+02
1.955999999999999872e+01,1.530838489532470703e+01,1.104878997802734375e+02,1.532951450347900391e+01,1.104809494018554688e+02
1.960000000000000142e+01,1.499525451660156250e+01,1.105538482666015625e+02,1.501642513275146484e+01,1.105470275878906250e+02
1.964000000000000057e+01,1.468173408508300781e+01,1.106179199218750000e+02,1.470294475555419922e+01,1.106112289428710938e+02
1.967999999999999972e+01,1.436783504486083984e+01,1.106801071166992188e+02,1.438908481597900391e+01,1.106735458374023438e+02
1.971999999999999886e+01,1.405356788635253906e+01,1.107404098510742188e+02,1.407485675811767578e+01,1.107339782714843750e+02
1.976000000000000156e+01,1.373894500732421875e+01,1.107988281250000000e+02,1.376027202606201172e+01,1.107925186157226562e+02
1.980000000000000071e+01,1.342397689819335938e+01,1.108553543090820312e+02,1.344534111022949219e+01,1.108491744995117188e+02
1.983999999999999986e+01,1.310867595672607422e+01,1.109099884033203125e+02,1.313007640838623047e+01,1.109039382934570312e+02
1.987999999999999901e+01,1.279305267333984375e+01,1.109627304077148438e+02,1.281448841094970703e+01,1.109568099975585938e+02
1.992000000000000171e+01,1.247711849212646484e+01,1.110135803222656250e+02,1.249858951568603516e+01,1.110077896118164062e+02
1.996000000000000085e+01,1.216088485717773438e+01,1.110625305175781250e+02,1.218239021301269531e+01,1.110568695068359375e+02
2.000000000000000000e+01,1.184436321258544922e+01,1.111095886230468750e+02,1.186590194702148438e+01,1.111040496826171875e+02
